LiaisonId,liaison_frequence,liaison_cible_encodage_ventes
100,314,2.1163256
101,1331,2.1163256
102,443,2.1163256
103,1044,2.1163256
10796,71,2.1163256
10891,71,2.1163256
11082,1128,2.1163256
12317,2,2.1163256
12319,156,2.1163256
12320,2102,2.1163256
12321,54,2.1163256
12325,8625,2.1163256
12330,18,2.1163256
12340,20,2.1163256
12342,8,2.1163256
12344,21,2.1163256
12346,68,2.1163256
12401,21,2.1163256
12402,130,2.1163256
12403,5,2.1163256
12407,205,2.1163256
12427,1,2.1163256
12487,7,2.1163256
12561,371,2.1163256
12562,39,2.1163256
12566,907,2.1163256
12586,4,2.1163256
12640,35,2.1163256
12644,8336,2.1163256
12649,14,2.1163256
12659,19,2.1163256
12661,9,2.1163256
12663,15,2.1163256
12665,42,2.1163256
1267,34,2.1163256
12722,189,2.1163256
12737,2,2.1163256
12742,2,2.1163256
12798,11463,2.1163256
12803,6244,2.1163256
12813,6383,2.1163256
12815,14,2.1163256
12817,11326,2.1163256
12819,16823,2.1163256
12821,4326,2.1163256
12822,5802,2.1163256
12826,9366,2.1163256
12827,11583,2.1163256
12828,4726,2.1163256
12829,2453,2.1163256
12831,7565,2.1163256
12834,269,2.1163256
12835,870,2.1163256
12836,309,2.1163256
12839,96,2.1163256
12840,2,2.1163256
12841,113,2.1163256
12843,82,2.1163256
12844,59,2.1163256
12845,898,2.1163256
12846,656,2.1163256
12847,2751,2.1163256
12848,60,2.1163256
12849,313,2.1163256
12850,4138,2.1163256
13026,7168,2.1163256
13036,6173,2.1163256
13038,14,2.1163256
13040,6249,2.1163256
13042,14060,2.1163256
13044,3537,2.1163256
13045,4576,2.1163256
13049,3956,2.1163256
13050,6772,2.1163256
13051,2110,2.1163256
13052,1105,2.1163256
13054,3159,2.1163256
13057,149,2.1163256
13058,468,2.1163256
13059,133,2.1163256
13062,21,2.1163256
13064,62,2.1163256
13066,17,2.1163256
13067,17,2.1163256
13068,505,2.1163256
13069,291,2.1163256
13070,1484,2.1163256
13071,22,2.1163256
13072,82,2.1163256
13073,1721,2.1163256
13387,6130,2.1163256
13389,1611,2.1163256
13391,13217,2.1163256
13393,14072,2.1163256
13394,5056,2.1163256
13395,4927,2.1163256
13396,4547,2.1163256
13400,3202,2.1163256
13401,5292,2.1163256
13402,1431,2.1163256
13403,1186,2.1163256
13405,2379,2.1163256
13408,113,2.1163256
13409,277,2.1163256
13410,104,2.1163256
13413,31,2.1163256
13415,46,2.1163256
13417,21,2.1163256
13418,11,2.1163256
13419,402,2.1163256
13420,373,2.1163256
13421,1180,2.1163256
13422,8,2.1163256
13423,88,2.1163256
13424,1653,2.1163256
13447,7,2.1163256
13448,56,2.1163256
13449,178,2.1163256
13450,382,2.1163256
13451,110,2.1163256
13452,975,2.1163256
13453,5,2.1163256
13454,255,2.1163256
13455,83,2.1163256
13456,31,2.1163256
13457,247,2.1163256
13458,77,2.1163256
13459,42,2.1163256
13460,683,2.1163256
1351,390,2.1163256
13514,8,2.1163256
13515,18,2.1163256
13516,61,2.1163256
13517,22,2.1163256
13518,100,2.1163256
13520,9,2.1163256
13521,156,2.1163256
13522,14,2.1163256
13523,40,2.1163256
13524,28,2.1163256
13525,34,2.1163256
13526,348,2.1163256
13580,16,2.1163256
13581,89,2.1163256
13582,36,2.1163256
13583,257,2.1163256
13584,1,2.1163256
13585,15,2.1163256
13586,457,2.1163256
13587,28,2.1163256
13588,145,2.1163256
13589,81,2.1163256
13590,97,2.1163256
13591,921,2.1163256
13645,50,2.1163256
13646,11,2.1163256
13647,373,2.1163256
13649,12,2.1163256
13650,859,2.1163256
13651,53,2.1163256
13652,253,2.1163256
13653,154,2.1163256
13654,132,2.1163256
13655,1972,2.1163256
13709,73,2.1163256
13710,1227,2.1163256
13711,16,2.1163256
13712,47,2.1163256
13713,1694,2.1163256
13714,61,2.1163256
13715,437,2.1163256
13716,352,2.1163256
13717,177,2.1163256
13718,5198,2.1163256
13772,544,2.1163256
13773,6,2.1163256
13774,51,2.1163256
13775,600,2.1163256
13776,11,2.1163256
13777,163,2.1163256
13778,74,2.1163256
13779,73,2.1163256
13780,815,2.1163256
13834,34,2.1163256
13835,99,2.1163256
13836,1860,2.1163256
13837,48,2.1163256
13838,649,2.1163256
13840,390,2.1163256
13841,65,2.1163256
13842,8652,2.1163256
13896,13,2.1163256
13897,85,2.1163256
13899,39,2.1163256
13900,9,2.1163256
13901,3,2.1163256
13902,143,2.1163256
13956,199,2.1163256
13957,9,2.1163256
13958,80,2.1163256
13960,72,2.1163256
13961,8,2.1163256
13962,414,2.1163256
14016,17,2.1163256
14017,2405,2.1163256
14019,8816,2.1163256
14020,459,2.1163256
14021,12555,2.1163256
14022,2272,2.1163256
14023,4838,2.1163256
14024,4062,2.1163256
14028,3039,2.1163256
14029,4210,2.1163256
14030,1275,2.1163256
14031,1272,2.1163256
14033,2815,2.1163256
14036,170,2.1163256
14037,465,2.1163256
14038,88,2.1163256
14041,40,2.1163256
14042,8,2.1163256
14043,60,2.1163256
14045,32,2.1163256
14046,24,2.1163256
14047,619,2.1163256
14048,365,2.1163256
14049,1519,2.1163256
14050,35,2.1163256
14051,106,2.1163256
14052,1670,2.1163256
14075,84,2.1163256
14077,62,2.1163256
14078,58,2.1163256
14079,630,2.1163256
14133,717,2.1163256
14134,2260,2.1163256
14135,415,2.1163256
14136,5215,2.1163256
14137,3379,2.1163256
14138,100,2.1163256
14139,107,2.1163256
14143,89,2.1163256
14144,107,2.1163256
14145,61,2.1163256
14146,52,2.1163256
14148,89,2.1163256
14152,7,2.1163256
14162,4,2.1163256
14163,8,2.1163256
14164,17,2.1163256
14166,2,2.1163256
14167,25,2.1163256
14185,5383,2.1163256
14186,1262,2.1163256
14190,3175,2.1163256
14192,8445,2.1163256
14193,3392,2.1163256
14222,3,2.1163256
14223,4198,2.1163256
14224,4244,2.1163256
14225,1041,2.1163256
14226,5274,2.1163256
14230,8377,2.1163256
14231,8324,2.1163256
14232,2926,2.1163256
14233,2643,2.1163256
14235,3580,2.1163256
14237,364,2.1163256
14238,1358,2.1163256
14239,77,2.1163256
14242,27,2.1163256
14244,57,2.1163256
14246,9,2.1163256
14247,11,2.1163256
14248,1400,2.1163256
14249,1313,2.1163256
14250,6142,2.1163256
14251,63,2.1163256
14252,361,2.1163256
14253,8439,2.1163256
14271,10649,2.1163256
14272,2355,2.1163256
14276,49,2.1163256
14277,73,2.1163256
14331,1718,2.1163256
14332,1483,2.1163256
14333,9656,2.1163256
14337,16425,2.1163256
14338,12591,2.1163256
14339,5173,2.1163256
14340,4116,2.1163256
14342,13691,2.1163256
14345,582,2.1163256
14346,2423,2.1163256
14347,14902,2.1163256
1435,165,2.1163256
14350,85,2.1163256
14352,91,2.1163256
14354,47,2.1163256
14355,64,2.1163256
14356,3476,2.1163256
14357,2774,2.1163256
14358,13588,2.1163256
14359,181,2.1163256
14360,604,2.1163256
14361,15224,2.1163256
14362,3,2.1163256
14363,4,2.1163256
14365,8,2.1163256
14367,95,2.1163256
14369,691,2.1163256
14371,394,2.1163256
14373,327,2.1163256
14375,121,2.1163256
14378,1719,2.1163256
14379,11960,2.1163256
14380,3752,2.1163256
14384,2383,2.1163256
14385,10177,2.1163256
14386,6489,2.1163256
14387,4873,2.1163256
14388,11561,2.1163256
14389,12613,2.1163256
14390,12052,2.1163256
14391,7638,2.1163256
14392,6513,2.1163256
14394,8632,2.1163256
14431,11202,2.1163256
14432,3942,2.1163256
14436,4309,2.1163256
14437,3022,2.1163256
14438,1455,2.1163256
14439,5158,2.1163256
14440,9263,2.1163256
14441,9750,2.1163256
14442,3218,2.1163256
14443,2322,2.1163256
14445,6862,2.1163256
14448,309,2.1163256
14449,940,2.1163256
14450,91,2.1163256
14453,37,2.1163256
14454,4,2.1163256
14455,50,2.1163256
14457,23,2.1163256
14458,32,2.1163256
14459,1053,2.1163256
14460,805,2.1163256
14461,3527,2.1163256
14462,102,2.1163256
14463,271,2.1163256
14464,3673,2.1163256
14465,4,2.1163256
14466,2,2.1163256
14468,8,2.1163256
14470,43,2.1163256
14472,273,2.1163256
14474,141,2.1163256
14476,120,2.1163256
14478,32,2.1163256
14481,256,2.1163256
14482,259,2.1163256
14483,61,2.1163256
14487,2657,2.1163256
14488,2547,2.1163256
14489,6518,2.1163256
14490,14989,2.1163256
14491,13968,2.1163256
14492,4857,2.1163256
14493,4615,2.1163256
14495,9759,2.1163256
14498,447,2.1163256
14499,2335,2.1163256
14500,137,2.1163256
14503,27,2.1163256
14505,53,2.1163256
14507,26,2.1163256
14508,31,2.1163256
14509,2592,2.1163256
14510,1186,2.1163256
14511,6965,2.1163256
14512,110,2.1163256
14513,316,2.1163256
14514,7337,2.1163256
14516,2,2.1163256
14518,22,2.1163256
14520,66,2.1163256
14522,451,2.1163256
14524,223,2.1163256
14526,170,2.1163256
14528,44,2.1163256
14531,303,2.1163256
14532,179,2.1163256
14533,55,2.1163256
14537,520,2.1163256
14538,1896,2.1163256
14539,4498,2.1163256
14540,4780,2.1163256
14541,1097,2.1163256
14542,1294,2.1163256
14544,2527,2.1163256
14586,464,2.1163256
14587,2002,2.1163256
14588,1471,2.1163256
14589,625,2.1163256
14590,1214,2.1163256
14592,1492,2.1163256
14634,2910,2.1163256
14635,3648,2.1163256
14636,1098,2.1163256
14637,1326,2.1163256
14639,5980,2.1163256
14681,437,2.1163256
14682,1351,2.1163256
14683,1294,2.1163256
14685,16459,2.1163256
14688,906,2.1163256
14689,5030,2.1163256
14690,14658,2.1163256
14693,44,2.1163256
14695,76,2.1163256
14697,27,2.1163256
14698,29,2.1163256
14699,6336,2.1163256
14700,2650,2.1163256
14701,13225,2.1163256
14702,222,2.1163256
14703,622,2.1163256
14704,14281,2.1163256
14708,24,2.1163256
14710,109,2.1163256
14712,583,2.1163256
14714,363,2.1163256
14716,264,2.1163256
14718,70,2.1163256
14721,749,2.1163256
14722,426,2.1163256
14723,88,2.1163256
14728,795,2.1163256
14729,893,2.1163256
14731,15683,2.1163256
14734,640,2.1163256
14735,3005,2.1163256
14736,131,2.1163256
14739,47,2.1163256
14741,63,2.1163256
14743,34,2.1163256
14744,17,2.1163256
14745,4057,2.1163256
14746,2084,2.1163256
14747,11220,2.1163256
14748,146,2.1163256
14749,429,2.1163256
14750,11661,2.1163256
14754,21,2.1163256
14755,2,2.1163256
14756,48,2.1163256
14758,409,2.1163256
14760,306,2.1163256
14762,209,2.1163256
14764,69,2.1163256
14767,494,2.1163256
14768,191,2.1163256
14769,63,2.1163256
14773,67,2.1163256
14775,13241,2.1163256
14778,845,2.1163256
14779,3454,2.1163256
14780,109,2.1163256
14783,28,2.1163256
14785,45,2.1163256
14787,16,2.1163256
14788,32,2.1163256
14789,3143,2.1163256
14790,925,2.1163256
14791,7186,2.1163256
14792,93,2.1163256
14793,366,2.1163256
14794,6105,2.1163256
14798,41,2.1163256
14800,111,2.1163256
14802,422,2.1163256
14804,353,2.1163256
14806,245,2.1163256
14808,46,2.1163256
14809,2,2.1163256
14811,342,2.1163256
14812,128,2.1163256
14813,54,2.1163256
14818,13665,2.1163256
14821,758,2.1163256
14822,2437,2.1163256
14823,104,2.1163256
14826,48,2.1163256
14828,41,2.1163256
14830,18,2.1163256
14831,20,2.1163256
14832,2398,2.1163256
14833,823,2.1163256
14834,5187,2.1163256
14835,109,2.1163256
14836,331,2.1163256
14837,5963,2.1163256
14838,1,2.1163256
14841,25,2.1163256
14843,120,2.1163256
14845,434,2.1163256
14846,282,2.1163256
14847,207,2.1163256
14849,63,2.1163256
14852,413,2.1163256
14853,117,2.1163256
14854,56,2.1163256
14902,3890,2.1163256
14903,13628,2.1163256
14904,15225,2.1163256
14907,2262,2.1163256
14908,147,2.1163256
14909,9980,2.1163256
14911,6872,2.1163256
14912,8116,2.1163256
14913,14548,2.1163256
14914,6613,2.1163256
14915,16383,2.1163256
14916,326,2.1163256
14917,1598,2.1163256
14918,16299,2.1163256
14919,3,2.1163256
14922,60,2.1163256
14924,220,2.1163256
14926,1485,2.1163256
14928,526,2.1163256
14930,330,2.1163256
14932,140,2.1163256
14933,2,2.1163256
14935,1432,2.1163256
14936,187,2.1163256
14937,53,2.1163256
15019,2511,2.1163256
15020,439,2.1163256
15023,127,2.1163256
15024,19,2.1163256
15025,252,2.1163256
15027,246,2.1163256
15028,472,2.1163256
15029,1958,2.1163256
15030,320,2.1163256
15031,2452,2.1163256
15032,11,2.1163256
15033,92,2.1163256
15034,1780,2.1163256
15038,2,2.1163256
15040,28,2.1163256
15042,80,2.1163256
15044,25,2.1163256
15046,16,2.1163256
15048,3,2.1163256
15051,38,2.1163256
15057,114,2.1163256
15060,44,2.1163256
15062,31,2.1163256
15064,19,2.1163256
15065,19,2.1163256
15066,3707,2.1163256
15067,1502,2.1163256
15068,7015,2.1163256
15069,124,2.1163256
15070,394,2.1163256
15071,5508,2.1163256
15075,7,2.1163256
15076,2,2.1163256
15077,51,2.1163256
15079,290,2.1163256
15081,172,2.1163256
15083,105,2.1163256
15085,43,2.1163256
15086,2,2.1163256
15088,237,2.1163256
15094,3,2.1163256
15095,2255,2.1163256
15096,769,2.1163256
15097,9553,2.1163256
15099,2552,2.1163256
15100,1889,2.1163256
15101,2862,2.1163256
15102,572,2.1163256
15103,4407,2.1163256
15104,238,2.1163256
15105,372,2.1163256
15106,5054,2.1163256
15107,7,2.1163256
15110,3,2.1163256
15111,53,2.1163256
15112,258,2.1163256
15114,492,2.1163256
15116,325,2.1163256
15118,227,2.1163256
15120,118,2.1163256
15123,492,2.1163256
15164,3,2.1163256
15165,4,2.1163256
15166,16,2.1163256
15168,7,2.1163256
15169,14,2.1163256
15170,2,2.1163256
1519,172,2.1163256
15198,2905,2.1163256
15199,8055,2.1163256
15201,2346,2.1163256
15202,1707,2.1163256
15203,2956,2.1163256
15204,328,2.1163256
15205,3227,2.1163256
15206,21,2.1163256
15207,114,2.1163256
15208,2160,2.1163256
15213,2,2.1163256
15214,36,2.1163256
15216,149,2.1163256
15218,63,2.1163256
15220,19,2.1163256
15222,8,2.1163256
15225,114,2.1163256
15231,8548,2.1163256
15233,1805,2.1163256
15234,1238,2.1163256
15235,1746,2.1163256
15236,168,2.1163256
15237,1499,2.1163256
15238,18,2.1163256
15239,77,2.1163256
15240,1720,2.1163256
15241,6,2.1163256
15245,6,2.1163256
15246,36,2.1163256
15248,75,2.1163256
15250,22,2.1163256
15252,9,2.1163256
15254,3,2.1163256
15257,19,2.1163256
15264,3840,2.1163256
15265,4433,2.1163256
15266,5351,2.1163256
15267,468,2.1163256
15268,3335,2.1163256
15269,42,2.1163256
15270,203,2.1163256
15271,2279,2.1163256
15272,19,2.1163256
15275,3,2.1163256
15276,7,2.1163256
15277,80,2.1163256
15279,248,2.1163256
15281,118,2.1163256
15283,73,2.1163256
15285,16,2.1163256
15286,2,2.1163256
15288,219,2.1163256
15324,642,2.1163256
15325,3049,2.1163256
15326,242,2.1163256
15327,2488,2.1163256
15328,35,2.1163256
15329,138,2.1163256
15330,1470,2.1163256
15331,14,2.1163256
15335,4,2.1163256
15336,32,2.1163256
15338,147,2.1163256
15340,85,2.1163256
15342,25,2.1163256
15344,9,2.1163256
15347,126,2.1163256
15353,5563,2.1163256
15354,390,2.1163256
15355,2946,2.1163256
15356,59,2.1163256
15357,164,2.1163256
15358,1587,2.1163256
15359,6,2.1163256
15364,33,2.1163256
15366,85,2.1163256
15368,55,2.1163256
15370,30,2.1163256
15372,3,2.1163256
15375,115,2.1163256
15381,3333,2.1163256
15382,11058,2.1163256
15383,151,2.1163256
15384,721,2.1163256
15385,8908,2.1163256
15386,1,2.1163256
15389,13,2.1163256
15390,6,2.1163256
15391,96,2.1163256
15393,352,2.1163256
15395,215,2.1163256
15397,122,2.1163256
15399,27,2.1163256
15400,3,2.1163256
15402,382,2.1163256
15408,43,2.1163256
15409,126,2.1163256
15410,1766,2.1163256
15411,9564,2.1163256
15412,4,2.1163256
15415,30,2.1163256
15416,33,2.1163256
15417,271,2.1163256
15419,534,2.1163256
15421,360,2.1163256
15423,234,2.1163256
15425,80,2.1163256
15428,403,2.1163256
15434,522,2.1163256
15435,3363,2.1163256
15436,16043,2.1163256
15437,12,2.1163256
15438,9,2.1163256
15440,63,2.1163256
15441,81,2.1163256
15442,369,2.1163256
15444,1835,2.1163256
15446,875,2.1163256
15448,541,2.1163256
15450,169,2.1163256
15451,2,2.1163256
15453,1592,2.1163256
15459,254,2.1163256
15460,1773,2.1163256
15461,2,2.1163256
15465,4,2.1163256
15466,64,2.1163256
15468,278,2.1163256
15470,130,2.1163256
15472,60,2.1163256
15474,13,2.1163256
15477,69,2.1163256
15483,5102,2.1163256
15484,7,2.1163256
15487,15,2.1163256
15488,8,2.1163256
15489,128,2.1163256
15491,414,2.1163256
15493,269,2.1163256
15495,182,2.1163256
15497,57,2.1163256
15500,190,2.1163256
15506,11,2.1163256
15507,29,2.1163256
15508,61,2.1163256
15509,48,2.1163256
15510,378,2.1163256
15511,6040,2.1163256
15513,13070,2.1163256
15515,6146,2.1163256
15517,2433,2.1163256
15519,1026,2.1163256
15520,6,2.1163256
15522,9337,2.1163256
15531,19,2.1163256
15532,47,2.1163256
15534,265,2.1163256
15536,76,2.1163256
15538,76,2.1163256
15540,20,2.1163256
15543,80,2.1163256
15552,5,2.1163256
15554,10,2.1163256
15556,4,2.1163256
15563,5,2.1163256
15589,13,2.1163256
15591,156,2.1163256
15593,81,2.1163256
15595,23,2.1163256
15597,4,2.1163256
15600,79,2.1163256
15606,20,2.1163256
15608,315,2.1163256
15610,142,2.1163256
15612,87,2.1163256
15614,18,2.1163256
15617,107,2.1163256
15624,252,2.1163256
15626,210,2.1163256
15628,200,2.1163256
15630,35,2.1163256
15631,3,2.1163256
15633,445,2.1163256
15655,3611,2.1163256
15657,1005,2.1163256
15659,288,2.1163256
15660,4,2.1163256
15662,1881,2.1163256
15682,2600,2.1163256
15683,3,2.1163256
15684,701,2.1163256
15685,5,2.1163256
15687,7541,2.1163256
15704,3,2.1163256
15705,2042,2.1163256
15706,15,2.1163256
15708,6103,2.1163256
15717,31,2.1163256
15723,39,2.1163256
15724,11,2.1163256
15725,6543,2.1163256
15732,177,2.1163256
15749,128,2.1163256
15759,9,2.1163256
15761,385,2.1163256
15762,3163,2.1163256
15763,121,2.1163256
15767,10306,2.1163256
15772,27,2.1163256
15782,17,2.1163256
15784,14,2.1163256
15786,23,2.1163256
15788,71,2.1163256
15843,11,2.1163256
15844,49,2.1163256
15849,55,2.1163256
15869,2,2.1163256
16003,109,2.1163256
16004,11,2.1163256
16008,140,2.1163256
16023,5,2.1163256
16028,6,2.1163256
1603,223,2.1163256
16082,123,2.1163256
16086,7988,2.1163256
16091,13,2.1163256
16101,17,2.1163256
16103,16,2.1163256
16105,22,2.1163256
16107,36,2.1163256
16164,25,2.1163256
16184,2,2.1163256
16240,14903,2.1163256
16245,11383,2.1163256
16255,12035,2.1163256
16259,15874,2.1163256
16261,17073,2.1163256
16263,9186,2.1163256
16264,9484,2.1163256
16268,15031,2.1163256
16269,9054,2.1163256
16270,5561,2.1163256
16271,4256,2.1163256
16273,10319,2.1163256
16276,385,2.1163256
16277,1388,2.1163256
16278,227,2.1163256
16281,116,2.1163256
16283,160,2.1163256
16285,198,2.1163256
16286,241,2.1163256
16287,1842,2.1163256
16288,2101,2.1163256
16289,2644,2.1163256
16290,136,2.1163256
16291,379,2.1163256
16292,3854,2.1163256
16468,9087,2.1163256
16478,8329,2.1163256
16480,14,2.1163256
16482,9433,2.1163256
16484,11765,2.1163256
16486,4295,2.1163256
16487,5203,2.1163256
16491,6002,2.1163256
16492,2510,2.1163256
16493,1703,2.1163256
16494,1430,2.1163256
16496,2696,2.1163256
16499,272,2.1163256
16500,570,2.1163256
16501,124,2.1163256
16504,42,2.1163256
16506,46,2.1163256
16508,31,2.1163256
16509,29,2.1163256
16510,661,2.1163256
16511,795,2.1163256
16512,885,2.1163256
16513,42,2.1163256
16514,146,2.1163256
16515,1318,2.1163256
16828,8099,2.1163256
16830,2036,2.1163256
16832,13195,2.1163256
16834,12236,2.1163256
16835,5247,2.1163256
16836,4153,2.1163256
16837,4542,2.1163256
16841,4529,2.1163256
16842,2263,2.1163256
16843,1246,2.1163256
16844,1194,2.1163256
16846,1618,2.1163256
16849,167,2.1163256
16850,345,2.1163256
16851,112,2.1163256
16854,26,2.1163256
16856,52,2.1163256
16858,60,2.1163256
16859,49,2.1163256
16860,557,2.1163256
16861,713,2.1163256
16862,686,2.1163256
16863,42,2.1163256
16864,85,2.1163256
16865,1154,2.1163256
16888,29,2.1163256
16889,95,2.1163256
16890,33,2.1163256
16891,83,2.1163256
16892,146,2.1163256
16893,258,2.1163256
16894,58,2.1163256
16895,96,2.1163256
16896,66,2.1163256
16897,15,2.1163256
16898,164,2.1163256
16899,80,2.1163256
16900,49,2.1163256
16901,166,2.1163256
16955,9,2.1163256
16956,3,2.1163256
16957,9,2.1163256
16958,31,2.1163256
16959,53,2.1163256
16961,4,2.1163256
16962,30,2.1163256
16963,3,2.1163256
16964,21,2.1163256
16965,16,2.1163256
16966,18,2.1163256
16967,71,2.1163256
17021,3,2.1163256
17022,14,2.1163256
17023,18,2.1163256
17024,61,2.1163256
17026,7,2.1163256
17027,27,2.1163256
17028,4,2.1163256
17029,10,2.1163256
17030,15,2.1163256
17031,33,2.1163256
17032,75,2.1163256
17086,38,2.1163256
17087,43,2.1163256
17088,283,2.1163256
17089,9,2.1163256
17090,31,2.1163256
17091,632,2.1163256
17092,108,2.1163256
17093,250,2.1163256
17094,259,2.1163256
17095,269,2.1163256
17096,866,2.1163256
17150,194,2.1163256
17151,390,2.1163256
17152,56,2.1163256
17153,58,2.1163256
17154,1626,2.1163256
17155,99,2.1163256
17156,585,2.1163256
17157,620,2.1163256
17158,462,2.1163256
17159,2766,2.1163256
17213,186,2.1163256
17214,8,2.1163256
17215,18,2.1163256
17216,92,2.1163256
17217,10,2.1163256
17218,49,2.1163256
17219,37,2.1163256
17220,35,2.1163256
17221,63,2.1163256
17275,56,2.1163256
17276,48,2.1163256
17277,6034,2.1163256
17278,135,2.1163256
17279,1486,2.1163256
17281,2096,2.1163256
17282,406,2.1163256
17283,12505,2.1163256
17337,7,2.1163256
17338,24,2.1163256
17340,5,2.1163256
17342,2,2.1163256
17343,20,2.1163256
17397,336,2.1163256
17398,7,2.1163256
17399,93,2.1163256
17401,100,2.1163256
17402,32,2.1163256
17403,317,2.1163256
17457,61,2.1163256
17458,2623,2.1163256
17460,8083,2.1163256
17461,476,2.1163256
17462,11062,2.1163256
17463,2190,2.1163256
17464,3660,2.1163256
17465,3976,2.1163256
17469,3942,2.1163256
17470,1922,2.1163256
17471,1256,2.1163256
17472,1132,2.1163256
17474,1896,2.1163256
17477,217,2.1163256
17478,508,2.1163256
17479,87,2.1163256
17482,22,2.1163256
17484,34,2.1163256
17486,21,2.1163256
17487,30,2.1163256
17488,764,2.1163256
17489,727,2.1163256
17490,861,2.1163256
17491,45,2.1163256
17492,137,2.1163256
17493,1221,2.1163256
17516,33,2.1163256
17518,40,2.1163256
17519,52,2.1163256
17520,116,2.1163256
17574,371,2.1163256
17575,2990,2.1163256
17576,478,2.1163256
17577,4891,2.1163256
17578,4361,2.1163256
17579,69,2.1163256
17580,76,2.1163256
17584,84,2.1163256
17585,84,2.1163256
17586,81,2.1163256
17587,83,2.1163256
17589,86,2.1163256
17626,2771,2.1163256
17627,750,2.1163256
17631,5655,2.1163256
17633,9990,2.1163256
17634,5590,2.1163256
17663,16,2.1163256
17664,2425,2.1163256
17665,5383,2.1163256
17666,1182,2.1163256
17667,5052,2.1163256
17671,11046,2.1163256
17672,4997,2.1163256
17673,2487,2.1163256
17674,1929,2.1163256
17676,2719,2.1163256
17678,419,2.1163256
17679,1142,2.1163256
17680,91,2.1163256
17683,24,2.1163256
17685,29,2.1163256
17687,9,2.1163256
17688,35,2.1163256
17689,1351,2.1163256
17690,1972,2.1163256
17691,2892,2.1163256
17692,103,2.1163256
17693,322,2.1163256
17694,3713,2.1163256
17712,8883,2.1163256
17713,1296,2.1163256
17717,35,2.1163256
17718,37,2.1163256
17770,1777,2.1163256
17771,1839,2.1163256
17772,9883,2.1163256
17776,17083,2.1163256
17777,10846,2.1163256
17778,5265,2.1163256
17779,4813,2.1163256
17781,14785,2.1163256
17784,1147,2.1163256
17785,6223,2.1163256
17786,13919,2.1163256
17788,1,2.1163256
17789,81,2.1163256
17791,136,2.1163256
17793,252,2.1163256
17794,629,2.1163256
17795,7118,2.1163256
17796,8987,2.1163256
17797,12523,2.1163256
17798,253,2.1163256
17799,913,2.1163256
17800,14489,2.1163256
17801,19,2.1163256
17802,1,2.1163256
17805,28,2.1163256
17806,251,2.1163256
17808,705,2.1163256
17810,422,2.1163256
17812,382,2.1163256
17814,138,2.1163256
17815,10,2.1163256
17816,2,2.1163256
17817,1321,2.1163256
17818,11575,2.1163256
17819,3904,2.1163256
17823,2835,2.1163256
17824,10129,2.1163256
17825,7411,2.1163256
17826,5367,2.1163256
17827,12337,2.1163256
17828,13127,2.1163256
17829,11675,2.1163256
17830,8126,2.1163256
17831,8297,2.1163256
17833,9314,2.1163256
17870,10372,2.1163256
17871,3618,2.1163256
17875,4924,2.1163256
17876,3101,2.1163256
17877,1192,2.1163256
17878,4220,2.1163256
17879,10655,2.1163256
17880,8514,2.1163256
17881,3885,2.1163256
17882,3125,2.1163256
17884,7041,2.1163256
17887,319,2.1163256
17888,867,2.1163256
17889,55,2.1163256
17892,28,2.1163256
17894,27,2.1163256
17896,15,2.1163256
17897,13,2.1163256
17898,1047,2.1163256
17899,1231,2.1163256
17900,1449,2.1163256
17901,53,2.1163256
17902,219,2.1163256
17903,1517,2.1163256
17904,1,2.1163256
17908,5,2.1163256
17909,24,2.1163256
17911,132,2.1163256
17913,80,2.1163256
17915,71,2.1163256
17917,14,2.1163256
17920,192,2.1163256
17921,233,2.1163256
17922,75,2.1163256
17926,2585,2.1163256
17927,2648,2.1163256
17928,6496,2.1163256
17929,15082,2.1163256
17930,12583,2.1163256
17931,4764,2.1163256
17932,4398,2.1163256
17934,10958,2.1163256
17937,811,2.1163256
17938,3063,2.1163256
17939,99,2.1163256
17941,1,2.1163256
17942,36,2.1163256
17944,67,2.1163256
17946,42,2.1163256
17947,99,2.1163256
17948,3009,2.1163256
17949,2852,2.1163256
17950,3654,2.1163256
17951,132,2.1163256
17952,389,2.1163256
17953,4758,2.1163256
17954,1,2.1163256
17958,19,2.1163256
17959,80,2.1163256
17961,295,2.1163256
17963,198,2.1163256
17965,142,2.1163256
17967,46,2.1163256
17968,2,2.1163256
17970,325,2.1163256
17971,189,2.1163256
17972,81,2.1163256
17976,402,2.1163256
17977,2087,2.1163256
17978,3872,2.1163256
17979,3518,2.1163256
17980,1373,2.1163256
17981,1361,2.1163256
17983,3407,2.1163256
18025,639,2.1163256
18026,1942,2.1163256
18027,1371,2.1163256
18028,1291,2.1163256
18029,1173,2.1163256
18031,1863,2.1163256
18073,2489,2.1163256
18074,2298,2.1163256
18075,1320,2.1163256
18076,1163,2.1163256
18078,6645,2.1163256
18120,512,2.1163256
18121,1717,2.1163256
18122,1749,2.1163256
18124,17234,2.1163256
18127,1963,2.1163256
18128,8333,2.1163256
18129,13496,2.1163256
18132,63,2.1163256
18134,99,2.1163256
18136,57,2.1163256
18137,152,2.1163256
18138,10450,2.1163256
18139,8304,2.1163256
18140,12289,2.1163256
18141,302,2.1163256
18142,881,2.1163256
18143,13599,2.1163256
18144,5,2.1163256
18148,21,2.1163256
18149,119,2.1163256
18151,707,2.1163256
18153,406,2.1163256
18155,305,2.1163256
18157,111,2.1163256
18158,2,2.1163256
18160,907,2.1163256
18161,319,2.1163256
18162,66,2.1163256
18166,643,2.1163256
18167,772,2.1163256
18169,14697,2.1163256
18172,842,2.1163256
18173,3061,2.1163256
18174,65,2.1163256
18177,21,2.1163256
18179,16,2.1163256
18181,35,2.1163256
18182,64,2.1163256
18183,4030,2.1163256
18184,5845,2.1163256
18185,5078,2.1163256
18186,88,2.1163256
18187,242,2.1163256
18188,6300,2.1163256
18189,4,2.1163256
18190,1,2.1163256
18193,26,2.1163256
18194,65,2.1163256
18196,379,2.1163256
18198,139,2.1163256
18200,169,2.1163256
18202,43,2.1163256
18203,4,2.1163256
18205,270,2.1163256
18206,389,2.1163256
18207,75,2.1163256
18211,82,2.1163256
18213,13032,2.1163256
18216,2439,2.1163256
18217,6378,2.1163256
18218,107,2.1163256
18221,43,2.1163256
18223,46,2.1163256
18225,19,2.1163256
18226,45,2.1163256
18227,5234,2.1163256
18228,4060,2.1163256
18229,5351,2.1163256
18230,223,2.1163256
18231,447,2.1163256
18232,6159,2.1163256
18233,2,2.1163256
18237,40,2.1163256
18238,89,2.1163256
18240,385,2.1163256
18242,263,2.1163256
18244,190,2.1163256
18246,77,2.1163256
18247,1,2.1163256
18249,316,2.1163256
18250,109,2.1163256
18251,69,2.1163256
18256,10472,2.1163256
18259,700,2.1163256
18260,2256,2.1163256
18261,59,2.1163256
18264,21,2.1163256
18266,19,2.1163256
18268,6,2.1163256
18269,18,2.1163256
18270,1546,2.1163256
18271,1352,2.1163256
18272,1513,2.1163256
18273,46,2.1163256
18274,178,2.1163256
18275,2397,2.1163256
18279,2,2.1163256
18280,9,2.1163256
18281,42,2.1163256
18283,234,2.1163256
18284,90,2.1163256
18285,121,2.1163256
18287,23,2.1163256
18288,2,2.1163256
18290,221,2.1163256
18291,95,2.1163256
18292,48,2.1163256
18340,6926,2.1163256
18341,15091,2.1163256
18342,13580,2.1163256
18344,6,2.1163256
18345,2062,2.1163256
18346,1038,2.1163256
18347,7080,2.1163256
18349,5738,2.1163256
18350,9955,2.1163256
18351,15134,2.1163256
18352,12523,2.1163256
18353,14621,2.1163256
18354,360,2.1163256
18355,1270,2.1163256
18356,14876,2.1163256
18357,1,2.1163256
18358,1,2.1163256
18360,2,2.1163256
18361,52,2.1163256
18362,208,2.1163256
18364,658,2.1163256
18366,290,2.1163256
18368,235,2.1163256
18370,135,2.1163256
18371,7,2.1163256
18373,545,2.1163256
18374,146,2.1163256
18375,73,2.1163256
18457,1960,2.1163256
18458,238,2.1163256
18460,2,2.1163256
18461,76,2.1163256
18462,62,2.1163256
18463,200,2.1163256
18465,166,2.1163256
18466,199,2.1163256
18467,1189,2.1163256
18468,657,2.1163256
18469,729,2.1163256
18470,18,2.1163256
18471,93,2.1163256
18472,666,2.1163256
18482,2,2.1163256
18495,129,2.1163256
18498,13,2.1163256
18500,19,2.1163256
18502,12,2.1163256
18503,49,2.1163256
18504,3306,2.1163256
18505,3562,2.1163256
18506,3385,2.1163256
18507,120,2.1163256
18508,433,2.1163256
18509,3168,2.1163256
18510,1,2.1163256
18514,25,2.1163256
18515,35,2.1163256
18517,180,2.1163256
18519,130,2.1163256
18521,50,2.1163256
18523,40,2.1163256
18524,1,2.1163256
18526,177,2.1163256
18532,2,2.1163256
18533,8424,2.1163256
18534,4818,2.1163256
18535,14582,2.1163256
18537,8163,2.1163256
18538,6338,2.1163256
18539,9206,2.1163256
18540,4656,2.1163256
18541,6058,2.1163256
18542,294,2.1163256
18543,655,2.1163256
18544,8260,2.1163256
18545,120,2.1163256
18546,42,2.1163256
18548,1108,2.1163256
18550,788,2.1163256
18552,1273,2.1163256
18554,452,2.1163256
18556,264,2.1163256
18558,129,2.1163256
18559,16,2.1163256
1856,85,2.1163256
18561,527,2.1163256
18636,3855,2.1163256
18637,8849,2.1163256
18639,4013,2.1163256
18640,2842,2.1163256
18641,3960,2.1163256
18642,1503,2.1163256
18643,2151,2.1163256
18644,72,2.1163256
18645,212,2.1163256
18646,1509,2.1163256
18647,25,2.1163256
18648,1,2.1163256
18650,71,2.1163256
18652,84,2.1163256
18654,124,2.1163256
18656,80,2.1163256
18658,17,2.1163256
18660,9,2.1163256
18663,129,2.1163256
18669,1147,2.1163256
18671,350,2.1163256
18672,174,2.1163256
18673,160,2.1163256
18674,65,2.1163256
18675,71,2.1163256
18676,1,2.1163256
18677,17,2.1163256
18678,116,2.1163256
18679,2,2.1163256
18682,4,2.1163256
18684,8,2.1163256
18686,6,2.1163256
18702,3806,2.1163256
18703,3344,2.1163256
18704,4600,2.1163256
18705,1226,2.1163256
18706,1453,2.1163256
18707,98,2.1163256
18708,236,2.1163256
18709,1404,2.1163256
18710,36,2.1163256
18713,58,2.1163256
18715,112,2.1163256
18717,176,2.1163256
18719,140,2.1163256
18721,59,2.1163256
18723,30,2.1163256
18724,5,2.1163256
18726,215,2.1163256
18762,559,2.1163256
18763,2587,2.1163256
18764,644,2.1163256
18765,919,2.1163256
18766,46,2.1163256
18767,195,2.1163256
18768,690,2.1163256
18769,73,2.1163256
18772,44,2.1163256
18774,37,2.1163256
18776,117,2.1163256
18778,73,2.1163256
18780,50,2.1163256
18782,9,2.1163256
18783,1,2.1163256
18785,118,2.1163256
18791,2744,2.1163256
18792,824,2.1163256
18793,819,2.1163256
18794,68,2.1163256
18795,136,2.1163256
18796,479,2.1163256
18797,31,2.1163256
18798,2,2.1163256
18800,22,2.1163256
18802,16,2.1163256
18804,86,2.1163256
18806,31,2.1163256
18808,10,2.1163256
18810,15,2.1163256
18811,1,2.1163256
18813,75,2.1163256
18819,6605,2.1163256
18820,6721,2.1163256
18821,198,2.1163256
18822,534,2.1163256
18823,4483,2.1163256
18824,9,2.1163256
18827,56,2.1163256
18828,11,2.1163256
18829,123,2.1163256
18831,247,2.1163256
18833,201,2.1163256
18835,87,2.1163256
18837,34,2.1163256
18838,2,2.1163256
18840,353,2.1163256
18846,20,2.1163256
18847,80,2.1163256
18848,2058,2.1163256
18849,5181,2.1163256
18850,9,2.1163256
18853,25,2.1163256
18854,25,2.1163256
18855,70,2.1163256
18857,287,2.1163256
18859,158,2.1163256
18861,53,2.1163256
18863,44,2.1163256
18864,2,2.1163256
18866,182,2.1163256
18872,960,2.1163256
18873,5643,2.1163256
18874,15144,2.1163256
18875,34,2.1163256
18876,22,2.1163256
18878,796,2.1163256
18879,279,2.1163256
18880,1454,2.1163256
18882,2766,2.1163256
18884,1370,2.1163256
18886,396,2.1163256
18888,192,2.1163256
18889,22,2.1163256
18891,1036,2.1163256
18897,139,2.1163256
18898,734,2.1163256
18899,2,2.1163256
18902,42,2.1163256
18903,6,2.1163256
18904,78,2.1163256
18906,244,2.1163256
18908,106,2.1163256
18910,66,2.1163256
18912,17,2.1163256
18913,5,2.1163256
18915,87,2.1163256
18921,2940,2.1163256
18922,25,2.1163256
18925,63,2.1163256
18926,24,2.1163256
18927,134,2.1163256
18929,304,2.1163256
18931,168,2.1163256
18933,147,2.1163256
18935,63,2.1163256
18936,2,2.1163256
18938,214,2.1163256
18944,126,2.1163256
18945,104,2.1163256
18946,191,2.1163256
18947,3489,2.1163256
18948,3857,2.1163256
18949,7609,2.1163256
18951,10512,2.1163256
18953,5422,2.1163256
18955,1382,2.1163256
18956,2,2.1163256
18957,515,2.1163256
18958,81,2.1163256
18959,5,2.1163256
18960,2548,2.1163256
18966,2,2.1163256
18969,2,2.1163256
18970,8,2.1163256
18972,34,2.1163256
18974,7,2.1163256
18976,10,2.1163256
18978,6,2.1163256
18981,22,2.1163256
18990,3,2.1163256
18992,5,2.1163256
19027,3,2.1163256
19029,35,2.1163256
19031,41,2.1163256
19033,2,2.1163256
19035,7,2.1163256
19038,55,2.1163256
19044,10,2.1163256
19046,60,2.1163256
19048,10,2.1163256
19050,18,2.1163256
19055,20,2.1163256
19062,225,2.1163256
19064,246,2.1163256
19066,222,2.1163256
19068,56,2.1163256
19069,9,2.1163256
19071,339,2.1163256
19093,5409,2.1163256
19095,991,2.1163256
19096,3,2.1163256
19097,307,2.1163256
19098,50,2.1163256
19100,801,2.1163256
19120,1624,2.1163256
19121,2,2.1163256
19122,362,2.1163256
19123,35,2.1163256
19125,1753,2.1163256
19142,9,2.1163256
19143,1906,2.1163256
19144,39,2.1163256
19146,1765,2.1163256
19152,1,2.1163256
19153,2,2.1163256
19155,6,2.1163256
19161,39,2.1163256
19162,1,2.1163256
19163,1336,2.1163256
19170,165,2.1163256
19176,24,2.1163256
19187,138,2.1163256
19238,2,2.1163256
19253,10,2.1163256
19256,5,2.1163256
19257,30,2.1163256
19259,21,2.1163256
19260,6,2.1163256
19261,6,2.1163256
19262,5,2.1163256
19263,18,2.1163256
19266,11,2.1163256
19279,21,2.1163256
19280,171,2.1163256
19282,65,2.1163256
19283,30,2.1163256
19318,4,2.1163256
19321,2,2.1163256
19341,1,2.1163256
19343,2,2.1163256
19348,1,2.1163256
19353,20,2.1163256
19356,6,2.1163256
19358,40,2.1163256
19373,29,2.1163256
19374,28,2.1163256
19378,91,2.1163256
19379,3,2.1163256
19380,277,2.1163256
19381,263,2.1163256
1940,68,2.1163256
19429,538,2.1163256
19430,169,2.1163256
19448,918,2.1163256
19449,17,2.1163256
19450,9,2.1163256
19451,7,2.1163256
19452,47,2.1163256
19453,114,2.1163256
19454,13,2.1163256
19455,236,2.1163256
19457,12,2.1163256
19458,1081,2.1163256
19459,54,2.1163256
19460,455,2.1163256
19476,608,2.1163256
19477,13,2.1163256
19478,3,2.1163256
19479,8,2.1163256
19480,17,2.1163256
19481,27,2.1163256
19482,16,2.1163256
19483,134,2.1163256
19484,1,2.1163256
19485,17,2.1163256
19486,763,2.1163256
19487,68,2.1163256
19488,465,2.1163256
19490,75,2.1163256
19491,4,2.1163256
19492,271,2.1163256
19493,250,2.1163256
19541,419,2.1163256
19542,130,2.1163256
19548,422,2.1163256
19549,90,2.1163256
19550,1704,2.1163256
19551,765,2.1163256
19599,1322,2.1163256
19600,335,2.1163256
19618,1139,2.1163256
19619,109,2.1163256
19620,21,2.1163256
19621,28,2.1163256
19622,250,2.1163256
19623,475,2.1163256
19624,31,2.1163256
19625,519,2.1163256
19627,80,2.1163256
19628,1449,2.1163256
19629,31,2.1163256
19630,430,2.1163256
19646,620,2.1163256
19647,143,2.1163256
19648,48,2.1163256
19649,118,2.1163256
19650,161,2.1163256
19651,282,2.1163256
19652,122,2.1163256
19653,200,2.1163256
19654,4,2.1163256
19655,30,2.1163256
19656,762,2.1163256
19657,56,2.1163256
19658,293,2.1163256
19660,295,2.1163256
19661,74,2.1163256
19662,1197,2.1163256
19663,699,2.1163256
19711,896,2.1163256
19712,395,2.1163256
19717,62,2.1163256
19718,45,2.1163256
20069,415,2.1163256
20070,247,2.1163256
20071,2678,2.1163256
20072,411,2.1163256
20073,64,2.1163256
20074,200,2.1163256
20075,155,2.1163256
20076,826,2.1163256
20077,6,2.1163256
20078,4,2.1163256
20080,3,2.1163256
20081,3,2.1163256
20084,1,2.1163256
20086,4,2.1163256
20088,1,2.1163256
20121,357,2.1163256
20123,143,2.1163256
20124,142,2.1163256
20128,210,2.1163256
20129,177,2.1163256
20130,153,2.1163256
20131,169,2.1163256
20133,330,2.1163256
20136,39,2.1163256
20137,193,2.1163256
20150,182,2.1163256
20151,109,2.1163256
20152,394,2.1163256
20153,55,2.1163256
20154,77,2.1163256
20155,1109,2.1163256
20156,59,2.1163256
20161,94,2.1163256
20163,373,2.1163256
20165,2112,2.1163256
20202,92,2.1163256
20204,23,2.1163256
20205,47,2.1163256
20209,39,2.1163256
20210,29,2.1163256
20211,32,2.1163256
20212,27,2.1163256
20214,70,2.1163256
20217,2,2.1163256
20218,45,2.1163256
20231,15,2.1163256
20232,20,2.1163256
20233,87,2.1163256
20234,8,2.1163256
20235,15,2.1163256
20236,185,2.1163256
20237,7,2.1163256
20242,26,2.1163256
20244,86,2.1163256
20246,232,2.1163256
20280,117,2.1163256
20282,9,2.1163256
20283,42,2.1163256
20287,49,2.1163256
20288,45,2.1163256
20289,45,2.1163256
20290,15,2.1163256
20292,73,2.1163256
20296,68,2.1163256
20309,42,2.1163256
20311,69,2.1163256
20314,224,2.1163256
20315,4,2.1163256
20319,5,2.1163256
20320,50,2.1163256
20322,124,2.1163256
20324,109,2.1163256
20375,245,2.1163256
20377,62,2.1163256
20378,93,2.1163256
20382,152,2.1163256
20383,109,2.1163256
20384,113,2.1163256
20385,47,2.1163256
20387,128,2.1163256
20391,88,2.1163256
20404,78,2.1163256
20406,142,2.1163256
20408,3,2.1163256
20409,371,2.1163256
20414,4,2.1163256
20415,94,2.1163256
20417,232,2.1163256
20419,234,2.1163256
20473,97,2.1163256
20475,8,2.1163256
20476,16,2.1163256
20480,37,2.1163256
20481,25,2.1163256
20482,26,2.1163256
20483,9,2.1163256
20485,117,2.1163256
20489,4,2.1163256
20502,4,2.1163256
20503,14,2.1163256
20504,15,2.1163256
20505,1,2.1163256
20506,6,2.1163256
20507,47,2.1163256
20508,1,2.1163256
20513,13,2.1163256
20515,26,2.1163256
20517,18,2.1163256
20551,67,2.1163256
20553,2,2.1163256
20554,28,2.1163256
20558,47,2.1163256
20559,32,2.1163256
20560,21,2.1163256
20561,3,2.1163256
20563,39,2.1163256
20567,27,2.1163256
20580,31,2.1163256
20582,50,2.1163256
20585,242,2.1163256
20591,59,2.1163256
20593,146,2.1163256
20595,114,2.1163256
20649,23,2.1163256
20651,14,2.1163256
20652,11,2.1163256
20656,6,2.1163256
20657,14,2.1163256
20658,8,2.1163256
20659,6,2.1163256
20661,39,2.1163256
20664,3,2.1163256
20665,16,2.1163256
20678,19,2.1163256
20679,23,2.1163256
20680,40,2.1163256
20681,15,2.1163256
20682,20,2.1163256
20683,41,2.1163256
20689,10,2.1163256
20691,55,2.1163256
20693,115,2.1163256
20729,1,2.1163256
20730,1,2.1163256
20734,2,2.1163256
20739,3,2.1163256
20742,1,2.1163256
20756,1,2.1163256
20758,3,2.1163256
20760,2,2.1163256
20761,515,2.1163256
20762,2,2.1163256
20766,4,2.1163256
20767,77,2.1163256
20769,158,2.1163256
20771,211,2.1163256
20795,18,2.1163256
20796,89,2.1163256
20797,13,2.1163256
20798,66,2.1163256
20799,6,2.1163256
20800,21,2.1163256
20815,10,2.1163256
20816,31,2.1163256
20818,44,2.1163256
20819,3,2.1163256
20820,302,2.1163256
20821,29,2.1163256
20822,27,2.1163256
20823,4,2.1163256
20824,37,2.1163256
20825,55,2.1163256
20826,272,2.1163256
20827,6,2.1163256
20828,3,2.1163256
20829,5,2.1163256
20830,6,2.1163256
20831,10,2.1163256
20832,40,2.1163256
20833,1,2.1163256
20834,3,2.1163256
20836,4,2.1163256
20837,22,2.1163256
20838,50,2.1163256
20841,1,2.1163256
20842,8,2.1163256
20844,1,2.1163256
21066,950,2.1163256
21113,5828,2.1163256
21119,1984,2.1163256
21122,529,2.1163256
21124,50,2.1163256
21125,719,2.1163256
21127,245,2.1163256
21128,375,2.1163256
21165,284,2.1163256
21168,89,2.1163256
21169,9,2.1163256
21170,99,2.1163256
21171,256,2.1163256
21173,130,2.1163256
21174,253,2.1163256
21208,153,2.1163256
21209,622,2.1163256
21211,7,2.1163256
21217,1,2.1163256
21218,3,2.1163256
21220,3,2.1163256
21227,1,2.1163256
21228,1,2.1163256
21229,3,2.1163256
21235,2,2.1163256
21236,4,2.1163256
21238,2,2.1163256
21246,14,2.1163256
21247,33,2.1163256
21253,11,2.1163256
21254,7,2.1163256
21255,6,2.1163256
21256,9,2.1163256
21257,1,2.1163256
21260,1,2.1163256
21262,2,2.1163256
21263,3,2.1163256
21278,2,2.1163256
21299,5,2.1163256
21303,2,2.1163256
21304,1,2.1163256
21316,9,2.1163256
21361,9,2.1163256
21364,9,2.1163256
21365,9,2.1163256
21369,6,2.1163256
21371,13,2.1163256
21373,13,2.1163256
21374,66,2.1163256
21376,29,2.1163256
21377,40,2.1163256
21378,18,2.1163256
21379,2,2.1163256
21380,2,2.1163256
21381,2,2.1163256
21382,5,2.1163256
21383,23,2.1163256
21391,1,2.1163256
21415,4,2.1163256
21417,10,2.1163256
21418,5,2.1163256
21420,2,2.1163256
21421,1,2.1163256
21422,1,2.1163256
21423,2,2.1163256
21486,5,2.1163256
21488,10,2.1163256
21489,2,2.1163256
21493,5,2.1163256
21496,4,2.1163256
21498,14,2.1163256
21502,3,2.1163256
21515,11,2.1163256
21516,4,2.1163256
21517,2,2.1163256
21555,6,2.1163256
21557,5,2.1163256
21558,1,2.1163256
21562,6,2.1163256
21563,1,2.1163256
21564,6,2.1163256
21567,13,2.1163256
2157,568,2.1163256
21571,2,2.1163256
21584,5,2.1163256
21680,2,2.1163256
21724,4,2.1163256
21729,1,2.1163256
21886,1,2.1163256
21895,1,2.1163256
2209,103,2.1163256
2212,75,2.1163256
22318,16,2.1163256
22319,7,2.1163256
22320,6,2.1163256
22321,18,2.1163256
22322,84,2.1163256
22323,13,2.1163256
22324,47,2.1163256
22325,16,2.1163256
22326,9,2.1163256
22327,140,2.1163256
22328,188,2.1163256
22329,44,2.1163256
22330,308,2.1163256
22331,232,2.1163256
22332,4,2.1163256
22333,30,2.1163256
22334,41,2.1163256
22335,43,2.1163256
22336,14,2.1163256
22337,19,2.1163256
22338,78,2.1163256
22339,65,2.1163256
22340,43,2.1163256
22341,270,2.1163256
22342,177,2.1163256
22343,246,2.1163256
22344,105,2.1163256
22345,120,2.1163256
22346,499,2.1163256
22347,286,2.1163256
22348,537,2.1163256
22349,17,2.1163256
22350,12,2.1163256
22351,87,2.1163256
22352,24,2.1163256
22353,37,2.1163256
22354,7,2.1163256
22355,9,2.1163256
22356,37,2.1163256
22357,6,2.1163256
22358,48,2.1163256
22359,65,2.1163256
22360,60,2.1163256
22361,295,2.1163256
22362,123,2.1163256
22363,169,2.1163256
22364,64,2.1163256
22365,182,2.1163256
22366,58,2.1163256
22367,141,2.1163256
22368,104,2.1163256
22369,22,2.1163256
22370,47,2.1163256
22371,43,2.1163256
22372,29,2.1163256
22373,387,2.1163256
22374,12,2.1163256
22375,260,2.1163256
22376,26,2.1163256
22377,3,2.1163256
22378,6,2.1163256
22379,11,2.1163256
22380,54,2.1163256
22381,18,2.1163256
22382,10,2.1163256
22383,2,2.1163256
22384,48,2.1163256
22385,119,2.1163256
22386,87,2.1163256
22387,45,2.1163256
22388,86,2.1163256
22389,175,2.1163256
22390,46,2.1163256
22391,14,2.1163256
22392,44,2.1163256
22393,41,2.1163256
22394,28,2.1163256
22395,22,2.1163256
22396,106,2.1163256
22397,17,2.1163256
22398,32,2.1163256
22399,233,2.1163256
22400,159,2.1163256
22401,271,2.1163256
22402,72,2.1163256
22403,92,2.1163256
22404,529,2.1163256
22405,196,2.1163256
22406,344,2.1163256
22407,9,2.1163256
22408,17,2.1163256
22409,98,2.1163256
22410,23,2.1163256
22411,72,2.1163256
22412,9,2.1163256
22413,13,2.1163256
22414,58,2.1163256
22415,4,2.1163256
22416,35,2.1163256
22417,67,2.1163256
22418,56,2.1163256
22419,240,2.1163256
22420,95,2.1163256
22421,189,2.1163256
22422,77,2.1163256
22423,182,2.1163256
22424,34,2.1163256
22425,127,2.1163256
22426,88,2.1163256
22427,4,2.1163256
22428,40,2.1163256
22429,36,2.1163256
22430,33,2.1163256
22431,418,2.1163256
22432,12,2.1163256
22433,156,2.1163256
22553,60,2.1163256
22554,139,2.1163256
22556,17,2.1163256
22557,173,2.1163256
22558,12,2.1163256
22559,3,2.1163256
22560,4,2.1163256
22561,5,2.1163256
22562,5,2.1163256
22565,135,2.1163256
22566,12,2.1163256
22567,19,2.1163256
22568,111,2.1163256
22569,50,2.1163256
22570,61,2.1163256
22571,12,2.1163256
22572,13,2.1163256
22573,91,2.1163256
22574,10,2.1163256
22575,5,2.1163256
22576,1,2.1163256
22577,98,2.1163256
22578,78,2.1163256
22580,7,2.1163256
22581,14,2.1163256
22582,100,2.1163256
22597,16,2.1163256
22598,37,2.1163256
22599,140,2.1163256
22600,121,2.1163256
22601,71,2.1163256
22602,104,2.1163256
22603,467,2.1163256
22604,229,2.1163256
22605,840,2.1163256
22606,50,2.1163256
22607,66,2.1163256
22608,138,2.1163256
22609,8,2.1163256
22616,93,2.1163256
22620,14,2.1163256
22621,123,2.1163256
22626,61,2.1163256
22627,254,2.1163256
22643,115,2.1163256
22651,92,2.1163256
22666,6,2.1163256
22668,7,2.1163256
22670,65,2.1163256
22671,80,2.1163256
22676,87,2.1163256
22678,46,2.1163256
22681,8,2.1163256
22978,197,2.1163256
22979,199,2.1163256
22980,44,2.1163256
22981,54,2.1163256
23027,72,2.1163256
23028,79,2.1163256
23041,160,2.1163256
23042,6,2.1163256
23043,6,2.1163256
23044,131,2.1163256
23045,216,2.1163256
23046,16,2.1163256
23051,134,2.1163256
23052,11,2.1163256
23053,75,2.1163256
23054,17,2.1163256
23055,117,2.1163256
23056,27,2.1163256
23059,616,2.1163256
23060,64,2.1163256
23061,109,2.1163256
23062,2,2.1163256
23078,62,2.1163256
23079,54,2.1163256
23080,135,2.1163256
23081,2,2.1163256
23082,31,2.1163256
23083,10,2.1163256
23084,16,2.1163256
23085,54,2.1163256
23086,181,2.1163256
23091,83,2.1163256
23095,79,2.1163256
23125,47,2.1163256
23131,14,2.1163256
23161,15,2.1163256
23162,8,2.1163256
23458,88,2.1163256
23459,41,2.1163256
23460,24,2.1163256
23461,45,2.1163256
23487,86,2.1163256
23488,52,2.1163256
23489,17,2.1163256
23490,22,2.1163256
23520,50,2.1163256
23521,9,2.1163256
23522,12,2.1163256
23523,6,2.1163256
23549,51,2.1163256
23550,17,2.1163256
23551,2,2.1163256
23552,12,2.1163256
23582,50,2.1163256
23583,46,2.1163256
23584,23,2.1163256
23585,24,2.1163256
23611,26,2.1163256
23612,28,2.1163256
23613,18,2.1163256
23614,25,2.1163256
23644,67,2.1163256
23645,20,2.1163256
23646,16,2.1163256
23647,31,2.1163256
23673,66,2.1163256
23674,14,2.1163256
23675,19,2.1163256
23676,43,2.1163256
24054,2,2.1163256
24055,3,2.1163256
24057,2,2.1163256
24093,6,2.1163256
24096,2,2.1163256
24452,22,2.1163256
24453,37,2.1163256
24475,172,2.1163256
24509,13,2.1163256
24510,9,2.1163256
24511,11,2.1163256
24512,14,2.1163256
24546,25,2.1163256
24547,17,2.1163256
24548,18,2.1163256
24549,17,2.1163256
24557,8,2.1163256
24558,12,2.1163256
24559,22,2.1163256
24563,8,2.1163256
24564,10,2.1163256
24565,13,2.1163256
24591,28,2.1163256
24592,19,2.1163256
24593,2,2.1163256
24594,13,2.1163256
24628,20,2.1163256
24629,16,2.1163256
24630,3,2.1163256
24631,12,2.1163256
24639,16,2.1163256
24640,25,2.1163256
24641,6,2.1163256
24645,11,2.1163256
24646,19,2.1163256
24647,5,2.1163256
24650,19,2.1163256
24651,17,2.1163256
24652,21,2.1163256
24653,6,2.1163256
24668,75,2.1163256
24669,227,2.1163256
2499,249,2.1163256
25128,102,2.1163256
25163,15,2.1163256
25257,2,2.1163256
25258,9,2.1163256
25287,1,2.1163256
25290,5,2.1163256
25295,69,2.1163256
25345,73,2.1163256
25346,4,2.1163256
25347,122,2.1163256
25348,156,2.1163256
2585,156,2.1163256
26014,2,2.1163256
26018,6,2.1163256
26019,4,2.1163256
26020,2,2.1163256
26021,2,2.1163256
26022,10,2.1163256
26023,9,2.1163256
26027,1,2.1163256
26030,1,2.1163256
26031,10,2.1163256
26178,1,2.1163256
26180,1,2.1163256
26181,4,2.1163256
26183,1,2.1163256
26184,6,2.1163256
26192,2,2.1163256
26359,3,2.1163256
26380,1,2.1163256
26396,9,2.1163256
26401,1,2.1163256
26402,1,2.1163256
26404,5,2.1163256
26406,9,2.1163256
26421,1,2.1163256
26558,3,2.1163256
26560,26,2.1163256
26563,1,2.1163256
2665,2,2.1163256
2669,2,2.1163256
26693,2,2.1163256
26694,1,2.1163256
26717,2,2.1163256
26719,4,2.1163256
26722,4,2.1163256
2673,192,2.1163256
26730,2,2.1163256
26732,3,2.1163256
26734,12,2.1163256
26736,1,2.1163256
26739,3,2.1163256
2674,96,2.1163256
2675,70,2.1163256
2676,49,2.1163256
2679,25,2.1163256
2680,39,2.1163256
2685,81,2.1163256
2686,39,2.1163256
26875,3,2.1163256
26885,1,2.1163256
26887,11,2.1163256
26888,2,2.1163256
28292,51,2.1163256
28450,68,2.1163256
29245,3,2.1163256
29246,2,2.1163256
29251,4,2.1163256
29252,4,2.1163256
29253,2,2.1163256
29254,2,2.1163256
29255,2,2.1163256
29265,2,2.1163256
29281,2,2.1163256
29365,4,2.1163256
2955,128,2.1163256
29587,8,2.1163256
29609,1,2.1163256
29610,2,2.1163256
29616,2,2.1163256
29693,121,2.1163256
29694,272,2.1163256
3012,77,2.1163256
30165,20,2.1163256
30166,28,2.1163256
3041,70,2.1163256
3098,72,2.1163256
3127,31,2.1163256
3184,50,2.1163256
3213,97,2.1163256
3270,97,2.1163256
3438,30,2.1163256
3523,48,2.1163256
3896,3,2.1163256
3954,2,2.1163256
4638,64,2.1163256
4728,81,2.1163256
4924,1157,2.1163256
6249,1379,2.1163256
6250,2353,2.1163256
6251,1183,2.1163256
6252,250,2.1163256
6253,124,2.1163256
6254,460,2.1163256
6255,262,2.1163256
6256,77,2.1163256
6257,204,2.1163256
6258,188,2.1163256
6259,893,2.1163256
6260,153,2.1163256
6261,536,2.1163256
6877,1480,2.1163256
719,1465,2.1163256
7425,90,2.1163256
7509,409,2.1163256
7593,193,2.1163256
7677,132,2.1163256
7761,190,2.1163256
8014,102,2.1163256
8314,425,2.1163256
8366,77,2.1163256
8369,101,2.1163256
8656,255,2.1163256
8742,164,2.1163256
8823,4,2.1163256
8827,76,2.1163256
8828,54,2.1163256
8829,58,2.1163256
8830,76,2.1163256
8831,91,2.1163256
8837,73,2.1163256
8838,88,2.1163256
8843,5,2.1163256
8844,2,2.1163256
91,1581,2.1163256
9113,96,2.1163256
9170,75,2.1163256
9199,81,2.1163256
92,2071,2.1163256
9256,53,2.1163256
9285,54,2.1163256
93,992,2.1163256
9342,37,2.1163256
9371,92,2.1163256
94,351,2.1163256
9428,74,2.1163256
95,202,2.1163256
9596,10,2.1163256
96,556,2.1163256
9681,2,2.1163256
97,408,2.1163256
98,118,2.1163256
99,201,2.1163256
