LiaisonId,liaison_frequence,liaison_cible_encodage_controles
100,314,2.4827752
101,1331,2.4827752
102,443,2.4827752
103,1044,2.4827752
10796,71,2.4827752
10891,71,2.4827752
11082,1128,2.4827752
12317,2,2.4827752
12319,156,2.4827752
12320,2102,2.4827752
12321,54,2.4827752
12325,8625,2.4827752
12330,18,2.4827752
12340,20,2.4827752
12342,8,2.4827752
12344,21,2.4827752
12346,68,2.4827752
12401,21,2.4827752
12402,130,2.4827752
12403,5,2.4827752
12407,205,2.4827752
12427,1,2.4827752
12487,7,2.4827752
12561,371,2.4827752
12562,39,2.4827752
12566,907,2.4827752
12586,4,2.4827752
12640,35,2.4827752
12644,8336,2.4827752
12649,14,2.4827752
12659,19,2.4827752
12661,9,2.4827752
12663,15,2.4827752
12665,42,2.4827752
1267,34,2.4827752
12722,189,2.4827752
12737,2,2.4827752
12742,2,2.4827752
12798,11463,2.4827752
12803,6244,2.4827752
12813,6383,2.4827752
12815,14,2.4827752
12817,11326,2.4827752
12819,16823,2.4827752
12821,4326,2.4827752
12822,5802,2.4827752
12826,9366,2.4827752
12827,11583,2.4827752
12828,4726,2.4827752
12829,2453,2.4827752
12831,7565,2.4827752
12834,269,2.4827752
12835,870,2.4827752
12836,309,2.4827752
12839,96,2.4827752
12840,2,2.4827752
12841,113,2.4827752
12843,82,2.4827752
12844,59,2.4827752
12845,898,2.4827752
12846,656,2.4827752
12847,2751,2.4827752
12848,60,2.4827752
12849,313,2.4827752
12850,4138,2.4827752
13026,7168,2.4827752
13036,6173,2.4827752
13038,14,2.4827752
13040,6249,2.4827752
13042,14060,2.4827752
13044,3537,2.4827752
13045,4576,2.4827752
13049,3956,2.4827752
13050,6772,2.4827752
13051,2110,2.4827752
13052,1105,2.4827752
13054,3159,2.4827752
13057,149,2.4827752
13058,468,2.4827752
13059,133,2.4827752
13062,21,2.4827752
13064,62,2.4827752
13066,17,2.4827752
13067,17,2.4827752
13068,505,2.4827752
13069,291,2.4827752
13070,1484,2.4827752
13071,22,2.4827752
13072,82,2.4827752
13073,1721,2.4827752
13387,6130,2.4827752
13389,1611,2.4827752
13391,13217,2.4827752
13393,14072,2.4827752
13394,5056,2.4827752
13395,4927,2.4827752
13396,4547,2.4827752
13400,3202,2.4827752
13401,5292,2.4827752
13402,1431,2.4827752
13403,1186,2.4827752
13405,2379,2.4827752
13408,113,2.4827752
13409,277,2.4827752
13410,104,2.4827752
13413,31,2.4827752
13415,46,2.4827752
13417,21,2.4827752
13418,11,2.4827752
13419,402,2.4827752
13420,373,2.4827752
13421,1180,2.4827752
13422,8,2.4827752
13423,88,2.4827752
13424,1653,2.4827752
13447,7,2.4827752
13448,56,2.4827752
13449,178,2.4827752
13450,382,2.4827752
13451,110,2.4827752
13452,975,2.4827752
13453,5,2.4827752
13454,255,2.4827752
13455,83,2.4827752
13456,31,2.4827752
13457,247,2.4827752
13458,77,2.4827752
13459,42,2.4827752
13460,683,2.4827752
1351,390,2.4827752
13514,8,2.4827752
13515,18,2.4827752
13516,61,2.4827752
13517,22,2.4827752
13518,100,2.4827752
13520,9,2.4827752
13521,156,2.4827752
13522,14,2.4827752
13523,40,2.4827752
13524,28,2.4827752
13525,34,2.4827752
13526,348,2.4827752
13580,16,2.4827752
13581,89,2.4827752
13582,36,2.4827752
13583,257,2.4827752
13584,1,2.4827752
13585,15,2.4827752
13586,457,2.4827752
13587,28,2.4827752
13588,145,2.4827752
13589,81,2.4827752
13590,97,2.4827752
13591,921,2.4827752
13645,50,2.4827752
13646,11,2.4827752
13647,373,2.4827752
13649,12,2.4827752
13650,859,2.4827752
13651,53,2.4827752
13652,253,2.4827752
13653,154,2.4827752
13654,132,2.4827752
13655,1972,2.4827752
13709,73,2.4827752
13710,1227,2.4827752
13711,16,2.4827752
13712,47,2.4827752
13713,1694,2.4827752
13714,61,2.4827752
13715,437,2.4827752
13716,352,2.4827752
13717,177,2.4827752
13718,5198,2.4827752
13772,544,2.4827752
13773,6,2.4827752
13774,51,2.4827752
13775,600,2.4827752
13776,11,2.4827752
13777,163,2.4827752
13778,74,2.4827752
13779,73,2.4827752
13780,815,2.4827752
13834,34,2.4827752
13835,99,2.4827752
13836,1860,2.4827752
13837,48,2.4827752
13838,649,2.4827752
13840,390,2.4827752
13841,65,2.4827752
13842,8652,2.4827752
13896,13,2.4827752
13897,85,2.4827752
13899,39,2.4827752
13900,9,2.4827752
13901,3,2.4827752
13902,143,2.4827752
13956,199,2.4827752
13957,9,2.4827752
13958,80,2.4827752
13960,72,2.4827752
13961,8,2.4827752
13962,414,2.4827752
14016,17,2.4827752
14017,2405,2.4827752
14019,8816,2.4827752
14020,459,2.4827752
14021,12555,2.4827752
14022,2272,2.4827752
14023,4838,2.4827752
14024,4062,2.4827752
14028,3039,2.4827752
14029,4210,2.4827752
14030,1275,2.4827752
14031,1272,2.4827752
14033,2815,2.4827752
14036,170,2.4827752
14037,465,2.4827752
14038,88,2.4827752
14041,40,2.4827752
14042,8,2.4827752
14043,60,2.4827752
14045,32,2.4827752
14046,24,2.4827752
14047,619,2.4827752
14048,365,2.4827752
14049,1519,2.4827752
14050,35,2.4827752
14051,106,2.4827752
14052,1670,2.4827752
14075,84,2.4827752
14077,62,2.4827752
14078,58,2.4827752
14079,630,2.4827752
14133,717,2.4827752
14134,2260,2.4827752
14135,415,2.4827752
14136,5215,2.4827752
14137,3379,2.4827752
14138,100,2.4827752
14139,107,2.4827752
14143,89,2.4827752
14144,107,2.4827752
14145,61,2.4827752
14146,52,2.4827752
14148,89,2.4827752
14152,7,2.4827752
14162,4,2.4827752
14163,8,2.4827752
14164,17,2.4827752
14166,2,2.4827752
14167,25,2.4827752
14185,5383,2.4827752
14186,1262,2.4827752
14190,3175,2.4827752
14192,8445,2.4827752
14193,3392,2.4827752
14222,3,2.4827752
14223,4198,2.4827752
14224,4244,2.4827752
14225,1041,2.4827752
14226,5274,2.4827752
14230,8377,2.4827752
14231,8324,2.4827752
14232,2926,2.4827752
14233,2643,2.4827752
14235,3580,2.4827752
14237,364,2.4827752
14238,1358,2.4827752
14239,77,2.4827752
14242,27,2.4827752
14244,57,2.4827752
14246,9,2.4827752
14247,11,2.4827752
14248,1400,2.4827752
14249,1313,2.4827752
14250,6142,2.4827752
14251,63,2.4827752
14252,361,2.4827752
14253,8439,2.4827752
14271,10649,2.4827752
14272,2355,2.4827752
14276,49,2.4827752
14277,73,2.4827752
14331,1718,2.4827752
14332,1483,2.4827752
14333,9656,2.4827752
14337,16425,2.4827752
14338,12591,2.4827752
14339,5173,2.4827752
14340,4116,2.4827752
14342,13691,2.4827752
14345,582,2.4827752
14346,2423,2.4827752
14347,14902,2.4827752
1435,165,2.4827752
14350,85,2.4827752
14352,91,2.4827752
14354,47,2.4827752
14355,64,2.4827752
14356,3476,2.4827752
14357,2774,2.4827752
14358,13588,2.4827752
14359,181,2.4827752
14360,604,2.4827752
14361,15224,2.4827752
14362,3,2.4827752
14363,4,2.4827752
14365,8,2.4827752
14367,95,2.4827752
14369,691,2.4827752
14371,394,2.4827752
14373,327,2.4827752
14375,121,2.4827752
14378,1719,2.4827752
14379,11960,2.4827752
14380,3752,2.4827752
14384,2383,2.4827752
14385,10177,2.4827752
14386,6489,2.4827752
14387,4873,2.4827752
14388,11561,2.4827752
14389,12613,2.4827752
14390,12052,2.4827752
14391,7638,2.4827752
14392,6513,2.4827752
14394,8632,2.4827752
14431,11202,2.4827752
14432,3942,2.4827752
14436,4309,2.4827752
14437,3022,2.4827752
14438,1455,2.4827752
14439,5158,2.4827752
14440,9263,2.4827752
14441,9750,2.4827752
14442,3218,2.4827752
14443,2322,2.4827752
14445,6862,2.4827752
14448,309,2.4827752
14449,940,2.4827752
14450,91,2.4827752
14453,37,2.4827752
14454,4,2.4827752
14455,50,2.4827752
14457,23,2.4827752
14458,32,2.4827752
14459,1053,2.4827752
14460,805,2.4827752
14461,3527,2.4827752
14462,102,2.4827752
14463,271,2.4827752
14464,3673,2.4827752
14465,4,2.4827752
14466,2,2.4827752
14468,8,2.4827752
14470,43,2.4827752
14472,273,2.4827752
14474,141,2.4827752
14476,120,2.4827752
14478,32,2.4827752
14481,256,2.4827752
14482,259,2.4827752
14483,61,2.4827752
14487,2657,2.4827752
14488,2547,2.4827752
14489,6518,2.4827752
14490,14989,2.4827752
14491,13968,2.4827752
14492,4857,2.4827752
14493,4615,2.4827752
14495,9759,2.4827752
14498,447,2.4827752
14499,2335,2.4827752
14500,137,2.4827752
14503,27,2.4827752
14505,53,2.4827752
14507,26,2.4827752
14508,31,2.4827752
14509,2592,2.4827752
14510,1186,2.4827752
14511,6965,2.4827752
14512,110,2.4827752
14513,316,2.4827752
14514,7337,2.4827752
14516,2,2.4827752
14518,22,2.4827752
14520,66,2.4827752
14522,451,2.4827752
14524,223,2.4827752
14526,170,2.4827752
14528,44,2.4827752
14531,303,2.4827752
14532,179,2.4827752
14533,55,2.4827752
14537,520,2.4827752
14538,1896,2.4827752
14539,4498,2.4827752
14540,4780,2.4827752
14541,1097,2.4827752
14542,1294,2.4827752
14544,2527,2.4827752
14586,464,2.4827752
14587,2002,2.4827752
14588,1471,2.4827752
14589,625,2.4827752
14590,1214,2.4827752
14592,1492,2.4827752
14634,2910,2.4827752
14635,3648,2.4827752
14636,1098,2.4827752
14637,1326,2.4827752
14639,5980,2.4827752
14681,437,2.4827752
14682,1351,2.4827752
14683,1294,2.4827752
14685,16459,2.4827752
14688,906,2.4827752
14689,5030,2.4827752
14690,14658,2.4827752
14693,44,2.4827752
14695,76,2.4827752
14697,27,2.4827752
14698,29,2.4827752
14699,6336,2.4827752
14700,2650,2.4827752
14701,13225,2.4827752
14702,222,2.4827752
14703,622,2.4827752
14704,14281,2.4827752
14708,24,2.4827752
14710,109,2.4827752
14712,583,2.4827752
14714,363,2.4827752
14716,264,2.4827752
14718,70,2.4827752
14721,749,2.4827752
14722,426,2.4827752
14723,88,2.4827752
14728,795,2.4827752
14729,893,2.4827752
14731,15683,2.4827752
14734,640,2.4827752
14735,3005,2.4827752
14736,131,2.4827752
14739,47,2.4827752
14741,63,2.4827752
14743,34,2.4827752
14744,17,2.4827752
14745,4057,2.4827752
14746,2084,2.4827752
14747,11220,2.4827752
14748,146,2.4827752
14749,429,2.4827752
14750,11661,2.4827752
14754,21,2.4827752
14755,2,2.4827752
14756,48,2.4827752
14758,409,2.4827752
14760,306,2.4827752
14762,209,2.4827752
14764,69,2.4827752
14767,494,2.4827752
14768,191,2.4827752
14769,63,2.4827752
14773,67,2.4827752
14775,13241,2.4827752
14778,845,2.4827752
14779,3454,2.4827752
14780,109,2.4827752
14783,28,2.4827752
14785,45,2.4827752
14787,16,2.4827752
14788,32,2.4827752
14789,3143,2.4827752
14790,925,2.4827752
14791,7186,2.4827752
14792,93,2.4827752
14793,366,2.4827752
14794,6105,2.4827752
14798,41,2.4827752
14800,111,2.4827752
14802,422,2.4827752
14804,353,2.4827752
14806,245,2.4827752
14808,46,2.4827752
14809,2,2.4827752
14811,342,2.4827752
14812,128,2.4827752
14813,54,2.4827752
14818,13665,2.4827752
14821,758,2.4827752
14822,2437,2.4827752
14823,104,2.4827752
14826,48,2.4827752
14828,41,2.4827752
14830,18,2.4827752
14831,20,2.4827752
14832,2398,2.4827752
14833,823,2.4827752
14834,5187,2.4827752
14835,109,2.4827752
14836,331,2.4827752
14837,5963,2.4827752
14838,1,2.4827752
14841,25,2.4827752
14843,120,2.4827752
14845,434,2.4827752
14846,282,2.4827752
14847,207,2.4827752
14849,63,2.4827752
14852,413,2.4827752
14853,117,2.4827752
14854,56,2.4827752
14902,3890,2.4827752
14903,13628,2.4827752
14904,15225,2.4827752
14907,2262,2.4827752
14908,147,2.4827752
14909,9980,2.4827752
14911,6872,2.4827752
14912,8116,2.4827752
14913,14548,2.4827752
14914,6613,2.4827752
14915,16383,2.4827752
14916,326,2.4827752
14917,1598,2.4827752
14918,16299,2.4827752
14919,3,2.4827752
14922,60,2.4827752
14924,220,2.4827752
14926,1485,2.4827752
14928,526,2.4827752
14930,330,2.4827752
14932,140,2.4827752
14933,2,2.4827752
14935,1432,2.4827752
14936,187,2.4827752
14937,53,2.4827752
15019,2511,2.4827752
15020,439,2.4827752
15023,127,2.4827752
15024,19,2.4827752
15025,252,2.4827752
15027,246,2.4827752
15028,472,2.4827752
15029,1958,2.4827752
15030,320,2.4827752
15031,2452,2.4827752
15032,11,2.4827752
15033,92,2.4827752
15034,1780,2.4827752
15038,2,2.4827752
15040,28,2.4827752
15042,80,2.4827752
15044,25,2.4827752
15046,16,2.4827752
15048,3,2.4827752
15051,38,2.4827752
15057,114,2.4827752
15060,44,2.4827752
15062,31,2.4827752
15064,19,2.4827752
15065,19,2.4827752
15066,3707,2.4827752
15067,1502,2.4827752
15068,7015,2.4827752
15069,124,2.4827752
15070,394,2.4827752
15071,5508,2.4827752
15075,7,2.4827752
15076,2,2.4827752
15077,51,2.4827752
15079,290,2.4827752
15081,172,2.4827752
15083,105,2.4827752
15085,43,2.4827752
15086,2,2.4827752
15088,237,2.4827752
15094,3,2.4827752
15095,2255,2.4827752
15096,769,2.4827752
15097,9553,2.4827752
15099,2552,2.4827752
15100,1889,2.4827752
15101,2862,2.4827752
15102,572,2.4827752
15103,4407,2.4827752
15104,238,2.4827752
15105,372,2.4827752
15106,5054,2.4827752
15107,7,2.4827752
15110,3,2.4827752
15111,53,2.4827752
15112,258,2.4827752
15114,492,2.4827752
15116,325,2.4827752
15118,227,2.4827752
15120,118,2.4827752
15123,492,2.4827752
15164,3,2.4827752
15165,4,2.4827752
15166,16,2.4827752
15168,7,2.4827752
15169,14,2.4827752
15170,2,2.4827752
1519,172,2.4827752
15198,2905,2.4827752
15199,8055,2.4827752
15201,2346,2.4827752
15202,1707,2.4827752
15203,2956,2.4827752
15204,328,2.4827752
15205,3227,2.4827752
15206,21,2.4827752
15207,114,2.4827752
15208,2160,2.4827752
15213,2,2.4827752
15214,36,2.4827752
15216,149,2.4827752
15218,63,2.4827752
15220,19,2.4827752
15222,8,2.4827752
15225,114,2.4827752
15231,8548,2.4827752
15233,1805,2.4827752
15234,1238,2.4827752
15235,1746,2.4827752
15236,168,2.4827752
15237,1499,2.4827752
15238,18,2.4827752
15239,77,2.4827752
15240,1720,2.4827752
15241,6,2.4827752
15245,6,2.4827752
15246,36,2.4827752
15248,75,2.4827752
15250,22,2.4827752
15252,9,2.4827752
15254,3,2.4827752
15257,19,2.4827752
15264,3840,2.4827752
15265,4433,2.4827752
15266,5351,2.4827752
15267,468,2.4827752
15268,3335,2.4827752
15269,42,2.4827752
15270,203,2.4827752
15271,2279,2.4827752
15272,19,2.4827752
15275,3,2.4827752
15276,7,2.4827752
15277,80,2.4827752
15279,248,2.4827752
15281,118,2.4827752
15283,73,2.4827752
15285,16,2.4827752
15286,2,2.4827752
15288,219,2.4827752
15324,642,2.4827752
15325,3049,2.4827752
15326,242,2.4827752
15327,2488,2.4827752
15328,35,2.4827752
15329,138,2.4827752
15330,1470,2.4827752
15331,14,2.4827752
15335,4,2.4827752
15336,32,2.4827752
15338,147,2.4827752
15340,85,2.4827752
15342,25,2.4827752
15344,9,2.4827752
15347,126,2.4827752
15353,5563,2.4827752
15354,390,2.4827752
15355,2946,2.4827752
15356,59,2.4827752
15357,164,2.4827752
15358,1587,2.4827752
15359,6,2.4827752
15364,33,2.4827752
15366,85,2.4827752
15368,55,2.4827752
15370,30,2.4827752
15372,3,2.4827752
15375,115,2.4827752
15381,3333,2.4827752
15382,11058,2.4827752
15383,151,2.4827752
15384,721,2.4827752
15385,8908,2.4827752
15386,1,2.4827752
15389,13,2.4827752
15390,6,2.4827752
15391,96,2.4827752
15393,352,2.4827752
15395,215,2.4827752
15397,122,2.4827752
15399,27,2.4827752
15400,3,2.4827752
15402,382,2.4827752
15408,43,2.4827752
15409,126,2.4827752
15410,1766,2.4827752
15411,9564,2.4827752
15412,4,2.4827752
15415,30,2.4827752
15416,33,2.4827752
15417,271,2.4827752
15419,534,2.4827752
15421,360,2.4827752
15423,234,2.4827752
15425,80,2.4827752
15428,403,2.4827752
15434,522,2.4827752
15435,3363,2.4827752
15436,16043,2.4827752
15437,12,2.4827752
15438,9,2.4827752
15440,63,2.4827752
15441,81,2.4827752
15442,369,2.4827752
15444,1835,2.4827752
15446,875,2.4827752
15448,541,2.4827752
15450,169,2.4827752
15451,2,2.4827752
15453,1592,2.4827752
15459,254,2.4827752
15460,1773,2.4827752
15461,2,2.4827752
15465,4,2.4827752
15466,64,2.4827752
15468,278,2.4827752
15470,130,2.4827752
15472,60,2.4827752
15474,13,2.4827752
15477,69,2.4827752
15483,5102,2.4827752
15484,7,2.4827752
15487,15,2.4827752
15488,8,2.4827752
15489,128,2.4827752
15491,414,2.4827752
15493,269,2.4827752
15495,182,2.4827752
15497,57,2.4827752
15500,190,2.4827752
15506,11,2.4827752
15507,29,2.4827752
15508,61,2.4827752
15509,48,2.4827752
15510,378,2.4827752
15511,6040,2.4827752
15513,13070,2.4827752
15515,6146,2.4827752
15517,2433,2.4827752
15519,1026,2.4827752
15520,6,2.4827752
15522,9337,2.4827752
15531,19,2.4827752
15532,47,2.4827752
15534,265,2.4827752
15536,76,2.4827752
15538,76,2.4827752
15540,20,2.4827752
15543,80,2.4827752
15552,5,2.4827752
15554,10,2.4827752
15556,4,2.4827752
15563,5,2.4827752
15589,13,2.4827752
15591,156,2.4827752
15593,81,2.4827752
15595,23,2.4827752
15597,4,2.4827752
15600,79,2.4827752
15606,20,2.4827752
15608,315,2.4827752
15610,142,2.4827752
15612,87,2.4827752
15614,18,2.4827752
15617,107,2.4827752
15624,252,2.4827752
15626,210,2.4827752
15628,200,2.4827752
15630,35,2.4827752
15631,3,2.4827752
15633,445,2.4827752
15655,3611,2.4827752
15657,1005,2.4827752
15659,288,2.4827752
15660,4,2.4827752
15662,1881,2.4827752
15682,2600,2.4827752
15683,3,2.4827752
15684,701,2.4827752
15685,5,2.4827752
15687,7541,2.4827752
15704,3,2.4827752
15705,2042,2.4827752
15706,15,2.4827752
15708,6103,2.4827752
15717,31,2.4827752
15723,39,2.4827752
15724,11,2.4827752
15725,6543,2.4827752
15732,177,2.4827752
15749,128,2.4827752
15759,9,2.4827752
15761,385,2.4827752
15762,3163,2.4827752
15763,121,2.4827752
15767,10306,2.4827752
15772,27,2.4827752
15782,17,2.4827752
15784,14,2.4827752
15786,23,2.4827752
15788,71,2.4827752
15843,11,2.4827752
15844,49,2.4827752
15849,55,2.4827752
15869,2,2.4827752
16003,109,2.4827752
16004,11,2.4827752
16008,140,2.4827752
16023,5,2.4827752
16028,6,2.4827752
1603,223,2.4827752
16082,123,2.4827752
16086,7988,2.4827752
16091,13,2.4827752
16101,17,2.4827752
16103,16,2.4827752
16105,22,2.4827752
16107,36,2.4827752
16164,25,2.4827752
16184,2,2.4827752
16240,14903,2.4827752
16245,11383,2.4827752
16255,12035,2.4827752
16259,15874,2.4827752
16261,17073,2.4827752
16263,9186,2.4827752
16264,9484,2.4827752
16268,15031,2.4827752
16269,9054,2.4827752
16270,5561,2.4827752
16271,4256,2.4827752
16273,10319,2.4827752
16276,385,2.4827752
16277,1388,2.4827752
16278,227,2.4827752
16281,116,2.4827752
16283,160,2.4827752
16285,198,2.4827752
16286,241,2.4827752
16287,1842,2.4827752
16288,2101,2.4827752
16289,2644,2.4827752
16290,136,2.4827752
16291,379,2.4827752
16292,3854,2.4827752
16468,9087,2.4827752
16478,8329,2.4827752
16480,14,2.4827752
16482,9433,2.4827752
16484,11765,2.4827752
16486,4295,2.4827752
16487,5203,2.4827752
16491,6002,2.4827752
16492,2510,2.4827752
16493,1703,2.4827752
16494,1430,2.4827752
16496,2696,2.4827752
16499,272,2.4827752
16500,570,2.4827752
16501,124,2.4827752
16504,42,2.4827752
16506,46,2.4827752
16508,31,2.4827752
16509,29,2.4827752
16510,661,2.4827752
16511,795,2.4827752
16512,885,2.4827752
16513,42,2.4827752
16514,146,2.4827752
16515,1318,2.4827752
16828,8099,2.4827752
16830,2036,2.4827752
16832,13195,2.4827752
16834,12236,2.4827752
16835,5247,2.4827752
16836,4153,2.4827752
16837,4542,2.4827752
16841,4529,2.4827752
16842,2263,2.4827752
16843,1246,2.4827752
16844,1194,2.4827752
16846,1618,2.4827752
16849,167,2.4827752
16850,345,2.4827752
16851,112,2.4827752
16854,26,2.4827752
16856,52,2.4827752
16858,60,2.4827752
16859,49,2.4827752
16860,557,2.4827752
16861,713,2.4827752
16862,686,2.4827752
16863,42,2.4827752
16864,85,2.4827752
16865,1154,2.4827752
16888,29,2.4827752
16889,95,2.4827752
16890,33,2.4827752
16891,83,2.4827752
16892,146,2.4827752
16893,258,2.4827752
16894,58,2.4827752
16895,96,2.4827752
16896,66,2.4827752
16897,15,2.4827752
16898,164,2.4827752
16899,80,2.4827752
16900,49,2.4827752
16901,166,2.4827752
16955,9,2.4827752
16956,3,2.4827752
16957,9,2.4827752
16958,31,2.4827752
16959,53,2.4827752
16961,4,2.4827752
16962,30,2.4827752
16963,3,2.4827752
16964,21,2.4827752
16965,16,2.4827752
16966,18,2.4827752
16967,71,2.4827752
17021,3,2.4827752
17022,14,2.4827752
17023,18,2.4827752
17024,61,2.4827752
17026,7,2.4827752
17027,27,2.4827752
17028,4,2.4827752
17029,10,2.4827752
17030,15,2.4827752
17031,33,2.4827752
17032,75,2.4827752
17086,38,2.4827752
17087,43,2.4827752
17088,283,2.4827752
17089,9,2.4827752
17090,31,2.4827752
17091,632,2.4827752
17092,108,2.4827752
17093,250,2.4827752
17094,259,2.4827752
17095,269,2.4827752
17096,866,2.4827752
17150,194,2.4827752
17151,390,2.4827752
17152,56,2.4827752
17153,58,2.4827752
17154,1626,2.4827752
17155,99,2.4827752
17156,585,2.4827752
17157,620,2.4827752
17158,462,2.4827752
17159,2766,2.4827752
17213,186,2.4827752
17214,8,2.4827752
17215,18,2.4827752
17216,92,2.4827752
17217,10,2.4827752
17218,49,2.4827752
17219,37,2.4827752
17220,35,2.4827752
17221,63,2.4827752
17275,56,2.4827752
17276,48,2.4827752
17277,6034,2.4827752
17278,135,2.4827752
17279,1486,2.4827752
17281,2096,2.4827752
17282,406,2.4827752
17283,12505,2.4827752
17337,7,2.4827752
17338,24,2.4827752
17340,5,2.4827752
17342,2,2.4827752
17343,20,2.4827752
17397,336,2.4827752
17398,7,2.4827752
17399,93,2.4827752
17401,100,2.4827752
17402,32,2.4827752
17403,317,2.4827752
17457,61,2.4827752
17458,2623,2.4827752
17460,8083,2.4827752
17461,476,2.4827752
17462,11062,2.4827752
17463,2190,2.4827752
17464,3660,2.4827752
17465,3976,2.4827752
17469,3942,2.4827752
17470,1922,2.4827752
17471,1256,2.4827752
17472,1132,2.4827752
17474,1896,2.4827752
17477,217,2.4827752
17478,508,2.4827752
17479,87,2.4827752
17482,22,2.4827752
17484,34,2.4827752
17486,21,2.4827752
17487,30,2.4827752
17488,764,2.4827752
17489,727,2.4827752
17490,861,2.4827752
17491,45,2.4827752
17492,137,2.4827752
17493,1221,2.4827752
17516,33,2.4827752
17518,40,2.4827752
17519,52,2.4827752
17520,116,2.4827752
17574,371,2.4827752
17575,2990,2.4827752
17576,478,2.4827752
17577,4891,2.4827752
17578,4361,2.4827752
17579,69,2.4827752
17580,76,2.4827752
17584,84,2.4827752
17585,84,2.4827752
17586,81,2.4827752
17587,83,2.4827752
17589,86,2.4827752
17626,2771,2.4827752
17627,750,2.4827752
17631,5655,2.4827752
17633,9990,2.4827752
17634,5590,2.4827752
17663,16,2.4827752
17664,2425,2.4827752
17665,5383,2.4827752
17666,1182,2.4827752
17667,5052,2.4827752
17671,11046,2.4827752
17672,4997,2.4827752
17673,2487,2.4827752
17674,1929,2.4827752
17676,2719,2.4827752
17678,419,2.4827752
17679,1142,2.4827752
17680,91,2.4827752
17683,24,2.4827752
17685,29,2.4827752
17687,9,2.4827752
17688,35,2.4827752
17689,1351,2.4827752
17690,1972,2.4827752
17691,2892,2.4827752
17692,103,2.4827752
17693,322,2.4827752
17694,3713,2.4827752
17712,8883,2.4827752
17713,1296,2.4827752
17717,35,2.4827752
17718,37,2.4827752
17770,1777,2.4827752
17771,1839,2.4827752
17772,9883,2.4827752
17776,17083,2.4827752
17777,10846,2.4827752
17778,5265,2.4827752
17779,4813,2.4827752
17781,14785,2.4827752
17784,1147,2.4827752
17785,6223,2.4827752
17786,13919,2.4827752
17788,1,2.4827752
17789,81,2.4827752
17791,136,2.4827752
17793,252,2.4827752
17794,629,2.4827752
17795,7118,2.4827752
17796,8987,2.4827752
17797,12523,2.4827752
17798,253,2.4827752
17799,913,2.4827752
17800,14489,2.4827752
17801,19,2.4827752
17802,1,2.4827752
17805,28,2.4827752
17806,251,2.4827752
17808,705,2.4827752
17810,422,2.4827752
17812,382,2.4827752
17814,138,2.4827752
17815,10,2.4827752
17816,2,2.4827752
17817,1321,2.4827752
17818,11575,2.4827752
17819,3904,2.4827752
17823,2835,2.4827752
17824,10129,2.4827752
17825,7411,2.4827752
17826,5367,2.4827752
17827,12337,2.4827752
17828,13127,2.4827752
17829,11675,2.4827752
17830,8126,2.4827752
17831,8297,2.4827752
17833,9314,2.4827752
17870,10372,2.4827752
17871,3618,2.4827752
17875,4924,2.4827752
17876,3101,2.4827752
17877,1192,2.4827752
17878,4220,2.4827752
17879,10655,2.4827752
17880,8514,2.4827752
17881,3885,2.4827752
17882,3125,2.4827752
17884,7041,2.4827752
17887,319,2.4827752
17888,867,2.4827752
17889,55,2.4827752
17892,28,2.4827752
17894,27,2.4827752
17896,15,2.4827752
17897,13,2.4827752
17898,1047,2.4827752
17899,1231,2.4827752
17900,1449,2.4827752
17901,53,2.4827752
17902,219,2.4827752
17903,1517,2.4827752
17904,1,2.4827752
17908,5,2.4827752
17909,24,2.4827752
17911,132,2.4827752
17913,80,2.4827752
17915,71,2.4827752
17917,14,2.4827752
17920,192,2.4827752
17921,233,2.4827752
17922,75,2.4827752
17926,2585,2.4827752
17927,2648,2.4827752
17928,6496,2.4827752
17929,15082,2.4827752
17930,12583,2.4827752
17931,4764,2.4827752
17932,4398,2.4827752
17934,10958,2.4827752
17937,811,2.4827752
17938,3063,2.4827752
17939,99,2.4827752
17941,1,2.4827752
17942,36,2.4827752
17944,67,2.4827752
17946,42,2.4827752
17947,99,2.4827752
17948,3009,2.4827752
17949,2852,2.4827752
17950,3654,2.4827752
17951,132,2.4827752
17952,389,2.4827752
17953,4758,2.4827752
17954,1,2.4827752
17958,19,2.4827752
17959,80,2.4827752
17961,295,2.4827752
17963,198,2.4827752
17965,142,2.4827752
17967,46,2.4827752
17968,2,2.4827752
17970,325,2.4827752
17971,189,2.4827752
17972,81,2.4827752
17976,402,2.4827752
17977,2087,2.4827752
17978,3872,2.4827752
17979,3518,2.4827752
17980,1373,2.4827752
17981,1361,2.4827752
17983,3407,2.4827752
18025,639,2.4827752
18026,1942,2.4827752
18027,1371,2.4827752
18028,1291,2.4827752
18029,1173,2.4827752
18031,1863,2.4827752
18073,2489,2.4827752
18074,2298,2.4827752
18075,1320,2.4827752
18076,1163,2.4827752
18078,6645,2.4827752
18120,512,2.4827752
18121,1717,2.4827752
18122,1749,2.4827752
18124,17234,2.4827752
18127,1963,2.4827752
18128,8333,2.4827752
18129,13496,2.4827752
18132,63,2.4827752
18134,99,2.4827752
18136,57,2.4827752
18137,152,2.4827752
18138,10450,2.4827752
18139,8304,2.4827752
18140,12289,2.4827752
18141,302,2.4827752
18142,881,2.4827752
18143,13599,2.4827752
18144,5,2.4827752
18148,21,2.4827752
18149,119,2.4827752
18151,707,2.4827752
18153,406,2.4827752
18155,305,2.4827752
18157,111,2.4827752
18158,2,2.4827752
18160,907,2.4827752
18161,319,2.4827752
18162,66,2.4827752
18166,643,2.4827752
18167,772,2.4827752
18169,14697,2.4827752
18172,842,2.4827752
18173,3061,2.4827752
18174,65,2.4827752
18177,21,2.4827752
18179,16,2.4827752
18181,35,2.4827752
18182,64,2.4827752
18183,4030,2.4827752
18184,5845,2.4827752
18185,5078,2.4827752
18186,88,2.4827752
18187,242,2.4827752
18188,6300,2.4827752
18189,4,2.4827752
18190,1,2.4827752
18193,26,2.4827752
18194,65,2.4827752
18196,379,2.4827752
18198,139,2.4827752
18200,169,2.4827752
18202,43,2.4827752
18203,4,2.4827752
18205,270,2.4827752
18206,389,2.4827752
18207,75,2.4827752
18211,82,2.4827752
18213,13032,2.4827752
18216,2439,2.4827752
18217,6378,2.4827752
18218,107,2.4827752
18221,43,2.4827752
18223,46,2.4827752
18225,19,2.4827752
18226,45,2.4827752
18227,5234,2.4827752
18228,4060,2.4827752
18229,5351,2.4827752
18230,223,2.4827752
18231,447,2.4827752
18232,6159,2.4827752
18233,2,2.4827752
18237,40,2.4827752
18238,89,2.4827752
18240,385,2.4827752
18242,263,2.4827752
18244,190,2.4827752
18246,77,2.4827752
18247,1,2.4827752
18249,316,2.4827752
18250,109,2.4827752
18251,69,2.4827752
18256,10472,2.4827752
18259,700,2.4827752
18260,2256,2.4827752
18261,59,2.4827752
18264,21,2.4827752
18266,19,2.4827752
18268,6,2.4827752
18269,18,2.4827752
18270,1546,2.4827752
18271,1352,2.4827752
18272,1513,2.4827752
18273,46,2.4827752
18274,178,2.4827752
18275,2397,2.4827752
18279,2,2.4827752
18280,9,2.4827752
18281,42,2.4827752
18283,234,2.4827752
18284,90,2.4827752
18285,121,2.4827752
18287,23,2.4827752
18288,2,2.4827752
18290,221,2.4827752
18291,95,2.4827752
18292,48,2.4827752
18340,6926,2.4827752
18341,15091,2.4827752
18342,13580,2.4827752
18344,6,2.4827752
18345,2062,2.4827752
18346,1038,2.4827752
18347,7080,2.4827752
18349,5738,2.4827752
18350,9955,2.4827752
18351,15134,2.4827752
18352,12523,2.4827752
18353,14621,2.4827752
18354,360,2.4827752
18355,1270,2.4827752
18356,14876,2.4827752
18357,1,2.4827752
18358,1,2.4827752
18360,2,2.4827752
18361,52,2.4827752
18362,208,2.4827752
18364,658,2.4827752
18366,290,2.4827752
18368,235,2.4827752
18370,135,2.4827752
18371,7,2.4827752
18373,545,2.4827752
18374,146,2.4827752
18375,73,2.4827752
18457,1960,2.4827752
18458,238,2.4827752
18460,2,2.4827752
18461,76,2.4827752
18462,62,2.4827752
18463,200,2.4827752
18465,166,2.4827752
18466,199,2.4827752
18467,1189,2.4827752
18468,657,2.4827752
18469,729,2.4827752
18470,18,2.4827752
18471,93,2.4827752
18472,666,2.4827752
18482,2,2.4827752
18495,129,2.4827752
18498,13,2.4827752
18500,19,2.4827752
18502,12,2.4827752
18503,49,2.4827752
18504,3306,2.4827752
18505,3562,2.4827752
18506,3385,2.4827752
18507,120,2.4827752
18508,433,2.4827752
18509,3168,2.4827752
18510,1,2.4827752
18514,25,2.4827752
18515,35,2.4827752
18517,180,2.4827752
18519,130,2.4827752
18521,50,2.4827752
18523,40,2.4827752
18524,1,2.4827752
18526,177,2.4827752
18532,2,2.4827752
18533,8424,2.4827752
18534,4818,2.4827752
18535,14582,2.4827752
18537,8163,2.4827752
18538,6338,2.4827752
18539,9206,2.4827752
18540,4656,2.4827752
18541,6058,2.4827752
18542,294,2.4827752
18543,655,2.4827752
18544,8260,2.4827752
18545,120,2.4827752
18546,42,2.4827752
18548,1108,2.4827752
18550,788,2.4827752
18552,1273,2.4827752
18554,452,2.4827752
18556,264,2.4827752
18558,129,2.4827752
18559,16,2.4827752
1856,85,2.4827752
18561,527,2.4827752
18636,3855,2.4827752
18637,8849,2.4827752
18639,4013,2.4827752
18640,2842,2.4827752
18641,3960,2.4827752
18642,1503,2.4827752
18643,2151,2.4827752
18644,72,2.4827752
18645,212,2.4827752
18646,1509,2.4827752
18647,25,2.4827752
18648,1,2.4827752
18650,71,2.4827752
18652,84,2.4827752
18654,124,2.4827752
18656,80,2.4827752
18658,17,2.4827752
18660,9,2.4827752
18663,129,2.4827752
18669,1147,2.4827752
18671,350,2.4827752
18672,174,2.4827752
18673,160,2.4827752
18674,65,2.4827752
18675,71,2.4827752
18676,1,2.4827752
18677,17,2.4827752
18678,116,2.4827752
18679,2,2.4827752
18682,4,2.4827752
18684,8,2.4827752
18686,6,2.4827752
18702,3806,2.4827752
18703,3344,2.4827752
18704,4600,2.4827752
18705,1226,2.4827752
18706,1453,2.4827752
18707,98,2.4827752
18708,236,2.4827752
18709,1404,2.4827752
18710,36,2.4827752
18713,58,2.4827752
18715,112,2.4827752
18717,176,2.4827752
18719,140,2.4827752
18721,59,2.4827752
18723,30,2.4827752
18724,5,2.4827752
18726,215,2.4827752
18762,559,2.4827752
18763,2587,2.4827752
18764,644,2.4827752
18765,919,2.4827752
18766,46,2.4827752
18767,195,2.4827752
18768,690,2.4827752
18769,73,2.4827752
18772,44,2.4827752
18774,37,2.4827752
18776,117,2.4827752
18778,73,2.4827752
18780,50,2.4827752
18782,9,2.4827752
18783,1,2.4827752
18785,118,2.4827752
18791,2744,2.4827752
18792,824,2.4827752
18793,819,2.4827752
18794,68,2.4827752
18795,136,2.4827752
18796,479,2.4827752
18797,31,2.4827752
18798,2,2.4827752
18800,22,2.4827752
18802,16,2.4827752
18804,86,2.4827752
18806,31,2.4827752
18808,10,2.4827752
18810,15,2.4827752
18811,1,2.4827752
18813,75,2.4827752
18819,6605,2.4827752
18820,6721,2.4827752
18821,198,2.4827752
18822,534,2.4827752
18823,4483,2.4827752
18824,9,2.4827752
18827,56,2.4827752
18828,11,2.4827752
18829,123,2.4827752
18831,247,2.4827752
18833,201,2.4827752
18835,87,2.4827752
18837,34,2.4827752
18838,2,2.4827752
18840,353,2.4827752
18846,20,2.4827752
18847,80,2.4827752
18848,2058,2.4827752
18849,5181,2.4827752
18850,9,2.4827752
18853,25,2.4827752
18854,25,2.4827752
18855,70,2.4827752
18857,287,2.4827752
18859,158,2.4827752
18861,53,2.4827752
18863,44,2.4827752
18864,2,2.4827752
18866,182,2.4827752
18872,960,2.4827752
18873,5643,2.4827752
18874,15144,2.4827752
18875,34,2.4827752
18876,22,2.4827752
18878,796,2.4827752
18879,279,2.4827752
18880,1454,2.4827752
18882,2766,2.4827752
18884,1370,2.4827752
18886,396,2.4827752
18888,192,2.4827752
18889,22,2.4827752
18891,1036,2.4827752
18897,139,2.4827752
18898,734,2.4827752
18899,2,2.4827752
18902,42,2.4827752
18903,6,2.4827752
18904,78,2.4827752
18906,244,2.4827752
18908,106,2.4827752
18910,66,2.4827752
18912,17,2.4827752
18913,5,2.4827752
18915,87,2.4827752
18921,2940,2.4827752
18922,25,2.4827752
18925,63,2.4827752
18926,24,2.4827752
18927,134,2.4827752
18929,304,2.4827752
18931,168,2.4827752
18933,147,2.4827752
18935,63,2.4827752
18936,2,2.4827752
18938,214,2.4827752
18944,126,2.4827752
18945,104,2.4827752
18946,191,2.4827752
18947,3489,2.4827752
18948,3857,2.4827752
18949,7609,2.4827752
18951,10512,2.4827752
18953,5422,2.4827752
18955,1382,2.4827752
18956,2,2.4827752
18957,515,2.4827752
18958,81,2.4827752
18959,5,2.4827752
18960,2548,2.4827752
18966,2,2.4827752
18969,2,2.4827752
18970,8,2.4827752
18972,34,2.4827752
18974,7,2.4827752
18976,10,2.4827752
18978,6,2.4827752
18981,22,2.4827752
18990,3,2.4827752
18992,5,2.4827752
19027,3,2.4827752
19029,35,2.4827752
19031,41,2.4827752
19033,2,2.4827752
19035,7,2.4827752
19038,55,2.4827752
19044,10,2.4827752
19046,60,2.4827752
19048,10,2.4827752
19050,18,2.4827752
19055,20,2.4827752
19062,225,2.4827752
19064,246,2.4827752
19066,222,2.4827752
19068,56,2.4827752
19069,9,2.4827752
19071,339,2.4827752
19093,5409,2.4827752
19095,991,2.4827752
19096,3,2.4827752
19097,307,2.4827752
19098,50,2.4827752
19100,801,2.4827752
19120,1624,2.4827752
19121,2,2.4827752
19122,362,2.4827752
19123,35,2.4827752
19125,1753,2.4827752
19142,9,2.4827752
19143,1906,2.4827752
19144,39,2.4827752
19146,1765,2.4827752
19152,1,2.4827752
19153,2,2.4827752
19155,6,2.4827752
19161,39,2.4827752
19162,1,2.4827752
19163,1336,2.4827752
19170,165,2.4827752
19176,24,2.4827752
19187,138,2.4827752
19238,2,2.4827752
19253,10,2.4827752
19256,5,2.4827752
19257,30,2.4827752
19259,21,2.4827752
19260,6,2.4827752
19261,6,2.4827752
19262,5,2.4827752
19263,18,2.4827752
19266,11,2.4827752
19279,21,2.4827752
19280,171,2.4827752
19282,65,2.4827752
19283,30,2.4827752
19318,4,2.4827752
19321,2,2.4827752
19341,1,2.4827752
19343,2,2.4827752
19348,1,2.4827752
19353,20,2.4827752
19356,6,2.4827752
19358,40,2.4827752
19373,29,2.4827752
19374,28,2.4827752
19378,91,2.4827752
19379,3,2.4827752
19380,277,2.4827752
19381,263,2.4827752
1940,68,2.4827752
19429,538,2.4827752
19430,169,2.4827752
19448,918,2.4827752
19449,17,2.4827752
19450,9,2.4827752
19451,7,2.4827752
19452,47,2.4827752
19453,114,2.4827752
19454,13,2.4827752
19455,236,2.4827752
19457,12,2.4827752
19458,1081,2.4827752
19459,54,2.4827752
19460,455,2.4827752
19476,608,2.4827752
19477,13,2.4827752
19478,3,2.4827752
19479,8,2.4827752
19480,17,2.4827752
19481,27,2.4827752
19482,16,2.4827752
19483,134,2.4827752
19484,1,2.4827752
19485,17,2.4827752
19486,763,2.4827752
19487,68,2.4827752
19488,465,2.4827752
19490,75,2.4827752
19491,4,2.4827752
19492,271,2.4827752
19493,250,2.4827752
19541,419,2.4827752
19542,130,2.4827752
19548,422,2.4827752
19549,90,2.4827752
19550,1704,2.4827752
19551,765,2.4827752
19599,1322,2.4827752
19600,335,2.4827752
19618,1139,2.4827752
19619,109,2.4827752
19620,21,2.4827752
19621,28,2.4827752
19622,250,2.4827752
19623,475,2.4827752
19624,31,2.4827752
19625,519,2.4827752
19627,80,2.4827752
19628,1449,2.4827752
19629,31,2.4827752
19630,430,2.4827752
19646,620,2.4827752
19647,143,2.4827752
19648,48,2.4827752
19649,118,2.4827752
19650,161,2.4827752
19651,282,2.4827752
19652,122,2.4827752
19653,200,2.4827752
19654,4,2.4827752
19655,30,2.4827752
19656,762,2.4827752
19657,56,2.4827752
19658,293,2.4827752
19660,295,2.4827752
19661,74,2.4827752
19662,1197,2.4827752
19663,699,2.4827752
19711,896,2.4827752
19712,395,2.4827752
19717,62,2.4827752
19718,45,2.4827752
20069,415,2.4827752
20070,247,2.4827752
20071,2678,2.4827752
20072,411,2.4827752
20073,64,2.4827752
20074,200,2.4827752
20075,155,2.4827752
20076,826,2.4827752
20077,6,2.4827752
20078,4,2.4827752
20080,3,2.4827752
20081,3,2.4827752
20084,1,2.4827752
20086,4,2.4827752
20088,1,2.4827752
20121,357,2.4827752
20123,143,2.4827752
20124,142,2.4827752
20128,210,2.4827752
20129,177,2.4827752
20130,153,2.4827752
20131,169,2.4827752
20133,330,2.4827752
20136,39,2.4827752
20137,193,2.4827752
20150,182,2.4827752
20151,109,2.4827752
20152,394,2.4827752
20153,55,2.4827752
20154,77,2.4827752
20155,1109,2.4827752
20156,59,2.4827752
20161,94,2.4827752
20163,373,2.4827752
20165,2112,2.4827752
20202,92,2.4827752
20204,23,2.4827752
20205,47,2.4827752
20209,39,2.4827752
20210,29,2.4827752
20211,32,2.4827752
20212,27,2.4827752
20214,70,2.4827752
20217,2,2.4827752
20218,45,2.4827752
20231,15,2.4827752
20232,20,2.4827752
20233,87,2.4827752
20234,8,2.4827752
20235,15,2.4827752
20236,185,2.4827752
20237,7,2.4827752
20242,26,2.4827752
20244,86,2.4827752
20246,232,2.4827752
20280,117,2.4827752
20282,9,2.4827752
20283,42,2.4827752
20287,49,2.4827752
20288,45,2.4827752
20289,45,2.4827752
20290,15,2.4827752
20292,73,2.4827752
20296,68,2.4827752
20309,42,2.4827752
20311,69,2.4827752
20314,224,2.4827752
20315,4,2.4827752
20319,5,2.4827752
20320,50,2.4827752
20322,124,2.4827752
20324,109,2.4827752
20375,245,2.4827752
20377,62,2.4827752
20378,93,2.4827752
20382,152,2.4827752
20383,109,2.4827752
20384,113,2.4827752
20385,47,2.4827752
20387,128,2.4827752
20391,88,2.4827752
20404,78,2.4827752
20406,142,2.4827752
20408,3,2.4827752
20409,371,2.4827752
20414,4,2.4827752
20415,94,2.4827752
20417,232,2.4827752
20419,234,2.4827752
20473,97,2.4827752
20475,8,2.4827752
20476,16,2.4827752
20480,37,2.4827752
20481,25,2.4827752
20482,26,2.4827752
20483,9,2.4827752
20485,117,2.4827752
20489,4,2.4827752
20502,4,2.4827752
20503,14,2.4827752
20504,15,2.4827752
20505,1,2.4827752
20506,6,2.4827752
20507,47,2.4827752
20508,1,2.4827752
20513,13,2.4827752
20515,26,2.4827752
20517,18,2.4827752
20551,67,2.4827752
20553,2,2.4827752
20554,28,2.4827752
20558,47,2.4827752
20559,32,2.4827752
20560,21,2.4827752
20561,3,2.4827752
20563,39,2.4827752
20567,27,2.4827752
20580,31,2.4827752
20582,50,2.4827752
20585,242,2.4827752
20591,59,2.4827752
20593,146,2.4827752
20595,114,2.4827752
20649,23,2.4827752
20651,14,2.4827752
20652,11,2.4827752
20656,6,2.4827752
20657,14,2.4827752
20658,8,2.4827752
20659,6,2.4827752
20661,39,2.4827752
20664,3,2.4827752
20665,16,2.4827752
20678,19,2.4827752
20679,23,2.4827752
20680,40,2.4827752
20681,15,2.4827752
20682,20,2.4827752
20683,41,2.4827752
20689,10,2.4827752
20691,55,2.4827752
20693,115,2.4827752
20729,1,2.4827752
20730,1,2.4827752
20734,2,2.4827752
20739,3,2.4827752
20742,1,2.4827752
20756,1,2.4827752
20758,3,2.4827752
20760,2,2.4827752
20761,515,2.4827752
20762,2,2.4827752
20766,4,2.4827752
20767,77,2.4827752
20769,158,2.4827752
20771,211,2.4827752
20795,18,2.4827752
20796,89,2.4827752
20797,13,2.4827752
20798,66,2.4827752
20799,6,2.4827752
20800,21,2.4827752
20815,10,2.4827752
20816,31,2.4827752
20818,44,2.4827752
20819,3,2.4827752
20820,302,2.4827752
20821,29,2.4827752
20822,27,2.4827752
20823,4,2.4827752
20824,37,2.4827752
20825,55,2.4827752
20826,272,2.4827752
20827,6,2.4827752
20828,3,2.4827752
20829,5,2.4827752
20830,6,2.4827752
20831,10,2.4827752
20832,40,2.4827752
20833,1,2.4827752
20834,3,2.4827752
20836,4,2.4827752
20837,22,2.4827752
20838,50,2.4827752
20841,1,2.4827752
20842,8,2.4827752
20844,1,2.4827752
21066,950,2.4827752
21113,5828,2.4827752
21119,1984,2.4827752
21122,529,2.4827752
21124,50,2.4827752
21125,719,2.4827752
21127,245,2.4827752
21128,375,2.4827752
21165,284,2.4827752
21168,89,2.4827752
21169,9,2.4827752
21170,99,2.4827752
21171,256,2.4827752
21173,130,2.4827752
21174,253,2.4827752
21208,153,2.4827752
21209,622,2.4827752
21211,7,2.4827752
21217,1,2.4827752
21218,3,2.4827752
21220,3,2.4827752
21227,1,2.4827752
21228,1,2.4827752
21229,3,2.4827752
21235,2,2.4827752
21236,4,2.4827752
21238,2,2.4827752
21246,14,2.4827752
21247,33,2.4827752
21253,11,2.4827752
21254,7,2.4827752
21255,6,2.4827752
21256,9,2.4827752
21257,1,2.4827752
21260,1,2.4827752
21262,2,2.4827752
21263,3,2.4827752
21278,2,2.4827752
21299,5,2.4827752
21303,2,2.4827752
21304,1,2.4827752
21316,9,2.4827752
21361,9,2.4827752
21364,9,2.4827752
21365,9,2.4827752
21369,6,2.4827752
21371,13,2.4827752
21373,13,2.4827752
21374,66,2.4827752
21376,29,2.4827752
21377,40,2.4827752
21378,18,2.4827752
21379,2,2.4827752
21380,2,2.4827752
21381,2,2.4827752
21382,5,2.4827752
21383,23,2.4827752
21391,1,2.4827752
21415,4,2.4827752
21417,10,2.4827752
21418,5,2.4827752
21420,2,2.4827752
21421,1,2.4827752
21422,1,2.4827752
21423,2,2.4827752
21486,5,2.4827752
21488,10,2.4827752
21489,2,2.4827752
21493,5,2.4827752
21496,4,2.4827752
21498,14,2.4827752
21502,3,2.4827752
21515,11,2.4827752
21516,4,2.4827752
21517,2,2.4827752
21555,6,2.4827752
21557,5,2.4827752
21558,1,2.4827752
21562,6,2.4827752
21563,1,2.4827752
21564,6,2.4827752
21567,13,2.4827752
2157,568,2.4827752
21571,2,2.4827752
21584,5,2.4827752
21680,2,2.4827752
21724,4,2.4827752
21729,1,2.4827752
21886,1,2.4827752
21895,1,2.4827752
2209,103,2.4827752
2212,75,2.4827752
22318,16,2.4827752
22319,7,2.4827752
22320,6,2.4827752
22321,18,2.4827752
22322,84,2.4827752
22323,13,2.4827752
22324,47,2.4827752
22325,16,2.4827752
22326,9,2.4827752
22327,140,2.4827752
22328,188,2.4827752
22329,44,2.4827752
22330,308,2.4827752
22331,232,2.4827752
22332,4,2.4827752
22333,30,2.4827752
22334,41,2.4827752
22335,43,2.4827752
22336,14,2.4827752
22337,19,2.4827752
22338,78,2.4827752
22339,65,2.4827752
22340,43,2.4827752
22341,270,2.4827752
22342,177,2.4827752
22343,246,2.4827752
22344,105,2.4827752
22345,120,2.4827752
22346,499,2.4827752
22347,286,2.4827752
22348,537,2.4827752
22349,17,2.4827752
22350,12,2.4827752
22351,87,2.4827752
22352,24,2.4827752
22353,37,2.4827752
22354,7,2.4827752
22355,9,2.4827752
22356,37,2.4827752
22357,6,2.4827752
22358,48,2.4827752
22359,65,2.4827752
22360,60,2.4827752
22361,295,2.4827752
22362,123,2.4827752
22363,169,2.4827752
22364,64,2.4827752
22365,182,2.4827752
22366,58,2.4827752
22367,141,2.4827752
22368,104,2.4827752
22369,22,2.4827752
22370,47,2.4827752
22371,43,2.4827752
22372,29,2.4827752
22373,387,2.4827752
22374,12,2.4827752
22375,260,2.4827752
22376,26,2.4827752
22377,3,2.4827752
22378,6,2.4827752
22379,11,2.4827752
22380,54,2.4827752
22381,18,2.4827752
22382,10,2.4827752
22383,2,2.4827752
22384,48,2.4827752
22385,119,2.4827752
22386,87,2.4827752
22387,45,2.4827752
22388,86,2.4827752
22389,175,2.4827752
22390,46,2.4827752
22391,14,2.4827752
22392,44,2.4827752
22393,41,2.4827752
22394,28,2.4827752
22395,22,2.4827752
22396,106,2.4827752
22397,17,2.4827752
22398,32,2.4827752
22399,233,2.4827752
22400,159,2.4827752
22401,271,2.4827752
22402,72,2.4827752
22403,92,2.4827752
22404,529,2.4827752
22405,196,2.4827752
22406,344,2.4827752
22407,9,2.4827752
22408,17,2.4827752
22409,98,2.4827752
22410,23,2.4827752
22411,72,2.4827752
22412,9,2.4827752
22413,13,2.4827752
22414,58,2.4827752
22415,4,2.4827752
22416,35,2.4827752
22417,67,2.4827752
22418,56,2.4827752
22419,240,2.4827752
22420,95,2.4827752
22421,189,2.4827752
22422,77,2.4827752
22423,182,2.4827752
22424,34,2.4827752
22425,127,2.4827752
22426,88,2.4827752
22427,4,2.4827752
22428,40,2.4827752
22429,36,2.4827752
22430,33,2.4827752
22431,418,2.4827752
22432,12,2.4827752
22433,156,2.4827752
22553,60,2.4827752
22554,139,2.4827752
22556,17,2.4827752
22557,173,2.4827752
22558,12,2.4827752
22559,3,2.4827752
22560,4,2.4827752
22561,5,2.4827752
22562,5,2.4827752
22565,135,2.4827752
22566,12,2.4827752
22567,19,2.4827752
22568,111,2.4827752
22569,50,2.4827752
22570,61,2.4827752
22571,12,2.4827752
22572,13,2.4827752
22573,91,2.4827752
22574,10,2.4827752
22575,5,2.4827752
22576,1,2.4827752
22577,98,2.4827752
22578,78,2.4827752
22580,7,2.4827752
22581,14,2.4827752
22582,100,2.4827752
22597,16,2.4827752
22598,37,2.4827752
22599,140,2.4827752
22600,121,2.4827752
22601,71,2.4827752
22602,104,2.4827752
22603,467,2.4827752
22604,229,2.4827752
22605,840,2.4827752
22606,50,2.4827752
22607,66,2.4827752
22608,138,2.4827752
22609,8,2.4827752
22616,93,2.4827752
22620,14,2.4827752
22621,123,2.4827752
22626,61,2.4827752
22627,254,2.4827752
22643,115,2.4827752
22651,92,2.4827752
22666,6,2.4827752
22668,7,2.4827752
22670,65,2.4827752
22671,80,2.4827752
22676,87,2.4827752
22678,46,2.4827752
22681,8,2.4827752
22978,197,2.4827752
22979,199,2.4827752
22980,44,2.4827752
22981,54,2.4827752
23027,72,2.4827752
23028,79,2.4827752
23041,160,2.4827752
23042,6,2.4827752
23043,6,2.4827752
23044,131,2.4827752
23045,216,2.4827752
23046,16,2.4827752
23051,134,2.4827752
23052,11,2.4827752
23053,75,2.4827752
23054,17,2.4827752
23055,117,2.4827752
23056,27,2.4827752
23059,616,2.4827752
23060,64,2.4827752
23061,109,2.4827752
23062,2,2.4827752
23078,62,2.4827752
23079,54,2.4827752
23080,135,2.4827752
23081,2,2.4827752
23082,31,2.4827752
23083,10,2.4827752
23084,16,2.4827752
23085,54,2.4827752
23086,181,2.4827752
23091,83,2.4827752
23095,79,2.4827752
23125,47,2.4827752
23131,14,2.4827752
23161,15,2.4827752
23162,8,2.4827752
23458,88,2.4827752
23459,41,2.4827752
23460,24,2.4827752
23461,45,2.4827752
23487,86,2.4827752
23488,52,2.4827752
23489,17,2.4827752
23490,22,2.4827752
23520,50,2.4827752
23521,9,2.4827752
23522,12,2.4827752
23523,6,2.4827752
23549,51,2.4827752
23550,17,2.4827752
23551,2,2.4827752
23552,12,2.4827752
23582,50,2.4827752
23583,46,2.4827752
23584,23,2.4827752
23585,24,2.4827752
23611,26,2.4827752
23612,28,2.4827752
23613,18,2.4827752
23614,25,2.4827752
23644,67,2.4827752
23645,20,2.4827752
23646,16,2.4827752
23647,31,2.4827752
23673,66,2.4827752
23674,14,2.4827752
23675,19,2.4827752
23676,43,2.4827752
24054,2,2.4827752
24055,3,2.4827752
24057,2,2.4827752
24093,6,2.4827752
24096,2,2.4827752
24452,22,2.4827752
24453,37,2.4827752
24475,172,2.4827752
24509,13,2.4827752
24510,9,2.4827752
24511,11,2.4827752
24512,14,2.4827752
24546,25,2.4827752
24547,17,2.4827752
24548,18,2.4827752
24549,17,2.4827752
24557,8,2.4827752
24558,12,2.4827752
24559,22,2.4827752
24563,8,2.4827752
24564,10,2.4827752
24565,13,2.4827752
24591,28,2.4827752
24592,19,2.4827752
24593,2,2.4827752
24594,13,2.4827752
24628,20,2.4827752
24629,16,2.4827752
24630,3,2.4827752
24631,12,2.4827752
24639,16,2.4827752
24640,25,2.4827752
24641,6,2.4827752
24645,11,2.4827752
24646,19,2.4827752
24647,5,2.4827752
24650,19,2.4827752
24651,17,2.4827752
24652,21,2.4827752
24653,6,2.4827752
24668,75,2.4827752
24669,227,2.4827752
2499,249,2.4827752
25128,102,2.4827752
25163,15,2.4827752
25257,2,2.4827752
25258,9,2.4827752
25287,1,2.4827752
25290,5,2.4827752
25295,69,2.4827752
25345,73,2.4827752
25346,4,2.4827752
25347,122,2.4827752
25348,156,2.4827752
2585,156,2.4827752
26014,2,2.4827752
26018,6,2.4827752
26019,4,2.4827752
26020,2,2.4827752
26021,2,2.4827752
26022,10,2.4827752
26023,9,2.4827752
26027,1,2.4827752
26030,1,2.4827752
26031,10,2.4827752
26178,1,2.4827752
26180,1,2.4827752
26181,4,2.4827752
26183,1,2.4827752
26184,6,2.4827752
26192,2,2.4827752
26359,3,2.4827752
26380,1,2.4827752
26396,9,2.4827752
26401,1,2.4827752
26402,1,2.4827752
26404,5,2.4827752
26406,9,2.4827752
26421,1,2.4827752
26558,3,2.4827752
26560,26,2.4827752
26563,1,2.4827752
2665,2,2.4827752
2669,2,2.4827752
26693,2,2.4827752
26694,1,2.4827752
26717,2,2.4827752
26719,4,2.4827752
26722,4,2.4827752
2673,192,2.4827752
26730,2,2.4827752
26732,3,2.4827752
26734,12,2.4827752
26736,1,2.4827752
26739,3,2.4827752
2674,96,2.4827752
2675,70,2.4827752
2676,49,2.4827752
2679,25,2.4827752
2680,39,2.4827752
2685,81,2.4827752
2686,39,2.4827752
26875,3,2.4827752
26885,1,2.4827752
26887,11,2.4827752
26888,2,2.4827752
28292,51,2.4827752
28450,68,2.4827752
29245,3,2.4827752
29246,2,2.4827752
29251,4,2.4827752
29252,4,2.4827752
29253,2,2.4827752
29254,2,2.4827752
29255,2,2.4827752
29265,2,2.4827752
29281,2,2.4827752
29365,4,2.4827752
2955,128,2.4827752
29587,8,2.4827752
29609,1,2.4827752
29610,2,2.4827752
29616,2,2.4827752
29693,121,2.4827752
29694,272,2.4827752
3012,77,2.4827752
30165,20,2.4827752
30166,28,2.4827752
3041,70,2.4827752
3098,72,2.4827752
3127,31,2.4827752
3184,50,2.4827752
3213,97,2.4827752
3270,97,2.4827752
3438,30,2.4827752
3523,48,2.4827752
3896,3,2.4827752
3954,2,2.4827752
4638,64,2.4827752
4728,81,2.4827752
4924,1157,2.4827752
6249,1379,2.4827752
6250,2353,2.4827752
6251,1183,2.4827752
6252,250,2.4827752
6253,124,2.4827752
6254,460,2.4827752
6255,262,2.4827752
6256,77,2.4827752
6257,204,2.4827752
6258,188,2.4827752
6259,893,2.4827752
6260,153,2.4827752
6261,536,2.4827752
6877,1480,2.4827752
719,1465,2.4827752
7425,90,2.4827752
7509,409,2.4827752
7593,193,2.4827752
7677,132,2.4827752
7761,190,2.4827752
8014,102,2.4827752
8314,425,2.4827752
8366,77,2.4827752
8369,101,2.4827752
8656,255,2.4827752
8742,164,2.4827752
8823,4,2.4827752
8827,76,2.4827752
8828,54,2.4827752
8829,58,2.4827752
8830,76,2.4827752
8831,91,2.4827752
8837,73,2.4827752
8838,88,2.4827752
8843,5,2.4827752
8844,2,2.4827752
91,1581,2.4827752
9113,96,2.4827752
9170,75,2.4827752
9199,81,2.4827752
92,2071,2.4827752
9256,53,2.4827752
9285,54,2.4827752
93,992,2.4827752
9342,37,2.4827752
9371,92,2.4827752
94,351,2.4827752
9428,74,2.4827752
95,202,2.4827752
9596,10,2.4827752
96,556,2.4827752
9681,2,2.4827752
97,408,2.4827752
98,118,2.4827752
99,201,2.4827752
