LiaisonId,Code
100,0
101,1
102,2
103,3
10796,4
10891,5
11082,6
12317,7
12319,8
12320,9
12321,10
12325,11
12330,12
12340,13
12342,14
12344,15
12346,16
12401,17
12402,18
12403,19
12407,20
12427,21
12487,22
12561,23
12562,24
12566,25
12586,26
12640,27
12644,28
12649,29
12659,30
12661,31
12663,32
12665,33
1267,34
12722,35
12737,36
12742,37
12798,38
12803,39
12813,40
12815,41
12817,42
12819,43
12821,44
12822,45
12826,46
12827,47
12828,48
12829,49
12831,50
12834,51
12835,52
12836,53
12839,54
12840,55
12841,56
12843,57
12844,58
12845,59
12846,60
12847,61
12848,62
12849,63
12850,64
13026,65
13036,66
13038,67
13040,68
13042,69
13044,70
13045,71
13049,72
13050,73
13051,74
13052,75
13054,76
13057,77
13058,78
13059,79
13062,80
13064,81
13066,82
13067,83
13068,84
13069,85
13070,86
13071,87
13072,88
13073,89
13387,90
13389,91
13391,92
13393,93
13394,94
13395,95
13396,96
13400,97
13401,98
13402,99
13403,100
13405,101
13408,102
13409,103
13410,104
13413,105
13415,106
13417,107
13418,108
13419,109
13420,110
13421,111
13422,112
13423,113
13424,114
13447,115
13448,116
13449,117
13450,118
13451,119
13452,120
13453,121
13454,122
13455,123
13456,124
13457,125
13458,126
13459,127
13460,128
1351,129
13514,130
13515,131
13516,132
13517,133
13518,134
13520,135
13521,136
13522,137
13523,138
13524,139
13525,140
13526,141
13580,142
13581,143
13582,144
13583,145
13584,146
13585,147
13586,148
13587,149
13588,150
13589,151
13590,152
13591,153
13645,154
13646,155
13647,156
13649,157
13650,158
13651,159
13652,160
13653,161
13654,162
13655,163
13709,164
13710,165
13711,166
13712,167
13713,168
13714,169
13715,170
13716,171
13717,172
13718,173
13772,174
13773,175
13774,176
13775,177
13776,178
13777,179
13778,180
13779,181
13780,182
13834,183
13835,184
13836,185
13837,186
13838,187
13840,188
13841,189
13842,190
13896,191
13897,192
13899,193
13900,194
13901,195
13902,196
13956,197
13957,198
13958,199
13960,200
13961,201
13962,202
14016,203
14017,204
14019,205
14020,206
14021,207
14022,208
14023,209
14024,210
14028,211
14029,212
14030,213
14031,214
14033,215
14036,216
14037,217
14038,218
14041,219
14042,220
14043,221
14045,222
14046,223
14047,224
14048,225
14049,226
14050,227
14051,228
14052,229
14075,230
14077,231
14078,232
14079,233
14133,234
14134,235
14135,236
14136,237
14137,238
14138,239
14139,240
14143,241
14144,242
14145,243
14146,244
14148,245
14152,246
14162,247
14163,248
14164,249
14166,250
14167,251
14185,252
14186,253
14190,254
14192,255
14193,256
14222,257
14223,258
14224,259
14225,260
14226,261
14230,262
14231,263
14232,264
14233,265
14235,266
14237,267
14238,268
14239,269
14242,270
14244,271
14246,272
14247,273
14248,274
14249,275
14250,276
14251,277
14252,278
14253,279
14271,280
14272,281
14276,282
14277,283
14331,284
14332,285
14333,286
14337,287
14338,288
14339,289
14340,290
14342,291
14345,292
14346,293
14347,294
1435,295
14350,296
14352,297
14354,298
14355,299
14356,300
14357,301
14358,302
14359,303
14360,304
14361,305
14362,306
14363,307
14365,308
14367,309
14369,310
14371,311
14373,312
14375,313
14378,314
14379,315
14380,316
14384,317
14385,318
14386,319
14387,320
14388,321
14389,322
14390,323
14391,324
14392,325
14394,326
14431,327
14432,328
14436,329
14437,330
14438,331
14439,332
14440,333
14441,334
14442,335
14443,336
14445,337
14448,338
14449,339
14450,340
14453,341
14454,342
14455,343
14457,344
14458,345
14459,346
14460,347
14461,348
14462,349
14463,350
14464,351
14465,352
14466,353
14468,354
14470,355
14472,356
14474,357
14476,358
14478,359
14481,360
14482,361
14483,362
14487,363
14488,364
14489,365
14490,366
14491,367
14492,368
14493,369
14495,370
14498,371
14499,372
14500,373
14503,374
14505,375
14507,376
14508,377
14509,378
14510,379
14511,380
14512,381
14513,382
14514,383
14516,384
14518,385
14520,386
14522,387
14524,388
14526,389
14528,390
14531,391
14532,392
14533,393
14537,394
14538,395
14539,396
14540,397
14541,398
14542,399
14544,400
14586,401
14587,402
14588,403
14589,404
14590,405
14592,406
14634,407
14635,408
14636,409
14637,410
14639,411
14681,412
14682,413
14683,414
14685,415
14688,416
14689,417
14690,418
14693,419
14695,420
14697,421
14698,422
14699,423
14700,424
14701,425
14702,426
14703,427
14704,428
14708,429
14710,430
14712,431
14714,432
14716,433
14718,434
14721,435
14722,436
14723,437
14728,438
14729,439
14731,440
14734,441
14735,442
14736,443
14739,444
14741,445
14743,446
14744,447
14745,448
14746,449
14747,450
14748,451
14749,452
14750,453
14754,454
14755,455
14756,456
14758,457
14760,458
14762,459
14764,460
14767,461
14768,462
14769,463
14773,464
14775,465
14778,466
14779,467
14780,468
14783,469
14785,470
14787,471
14788,472
14789,473
14790,474
14791,475
14792,476
14793,477
14794,478
14798,479
14800,480
14802,481
14804,482
14806,483
14808,484
14809,485
14811,486
14812,487
14813,488
14818,489
14821,490
14822,491
14823,492
14826,493
14828,494
14830,495
14831,496
14832,497
14833,498
14834,499
14835,500
14836,501
14837,502
14838,503
14841,504
14843,505
14845,506
14846,507
14847,508
14849,509
14852,510
14853,511
14854,512
14902,513
14903,514
14904,515
14907,516
14908,517
14909,518
14911,519
14912,520
14913,521
14914,522
14915,523
14916,524
14917,525
14918,526
14919,527
14922,528
14924,529
14926,530
14928,531
14930,532
14932,533
14933,534
14935,535
14936,536
14937,537
15019,538
15020,539
15023,540
15024,541
15025,542
15027,543
15028,544
15029,545
15030,546
15031,547
15032,548
15033,549
15034,550
15038,551
15040,552
15042,553
15044,554
15046,555
15048,556
15051,557
15057,558
15060,559
15062,560
15064,561
15065,562
15066,563
15067,564
15068,565
15069,566
15070,567
15071,568
15075,569
15076,570
15077,571
15079,572
15081,573
15083,574
15085,575
15086,576
15088,577
15094,578
15095,579
15096,580
15097,581
15099,582
15100,583
15101,584
15102,585
15103,586
15104,587
15105,588
15106,589
15107,590
15110,591
15111,592
15112,593
15114,594
15116,595
15118,596
15120,597
15123,598
15164,599
15165,600
15166,601
15168,602
15169,603
15170,604
1519,605
15198,606
15199,607
15201,608
15202,609
15203,610
15204,611
15205,612
15206,613
15207,614
15208,615
15213,616
15214,617
15216,618
15218,619
15220,620
15222,621
15225,622
15231,623
15233,624
15234,625
15235,626
15236,627
15237,628
15238,629
15239,630
15240,631
15241,632
15245,633
15246,634
15248,635
15250,636
15252,637
15254,638
15257,639
15264,640
15265,641
15266,642
15267,643
15268,644
15269,645
15270,646
15271,647
15272,648
15275,649
15276,650
15277,651
15279,652
15281,653
15283,654
15285,655
15286,656
15288,657
15324,658
15325,659
15326,660
15327,661
15328,662
15329,663
15330,664
15331,665
15335,666
15336,667
15338,668
15340,669
15342,670
15344,671
15347,672
15353,673
15354,674
15355,675
15356,676
15357,677
15358,678
15359,679
15364,680
15366,681
15368,682
15370,683
15372,684
15375,685
15381,686
15382,687
15383,688
15384,689
15385,690
15386,691
15389,692
15390,693
15391,694
15393,695
15395,696
15397,697
15399,698
15400,699
15402,700
15408,701
15409,702
15410,703
15411,704
15412,705
15415,706
15416,707
15417,708
15419,709
15421,710
15423,711
15425,712
15428,713
15434,714
15435,715
15436,716
15437,717
15438,718
15440,719
15441,720
15442,721
15444,722
15446,723
15448,724
15450,725
15451,726
15453,727
15459,728
15460,729
15461,730
15465,731
15466,732
15468,733
15470,734
15472,735
15474,736
15477,737
15483,738
15484,739
15487,740
15488,741
15489,742
15491,743
15493,744
15495,745
15497,746
15500,747
15506,748
15507,749
15508,750
15509,751
15510,752
15511,753
15513,754
15515,755
15517,756
15519,757
15520,758
15522,759
15531,760
15532,761
15534,762
15536,763
15538,764
15540,765
15543,766
15552,767
15554,768
15556,769
15563,770
15589,771
15591,772
15593,773
15595,774
15597,775
15600,776
15606,777
15608,778
15610,779
15612,780
15614,781
15617,782
15624,783
15626,784
15628,785
15630,786
15631,787
15633,788
15655,789
15657,790
15659,791
15660,792
15662,793
15682,794
15683,795
15684,796
15685,797
15687,798
15704,799
15705,800
15706,801
15708,802
15717,803
15723,804
15724,805
15725,806
15732,807
15749,808
15759,809
15761,810
15762,811
15763,812
15767,813
15772,814
15782,815
15784,816
15786,817
15788,818
15843,819
15844,820
15849,821
15869,822
16003,823
16004,824
16008,825
16023,826
16028,827
1603,828
16082,829
16086,830
16091,831
16101,832
16103,833
16105,834
16107,835
16164,836
16184,837
16240,838
16245,839
16255,840
16259,841
16261,842
16263,843
16264,844
16268,845
16269,846
16270,847
16271,848
16273,849
16276,850
16277,851
16278,852
16281,853
16283,854
16285,855
16286,856
16287,857
16288,858
16289,859
16290,860
16291,861
16292,862
16468,863
16478,864
16480,865
16482,866
16484,867
16486,868
16487,869
16491,870
16492,871
16493,872
16494,873
16496,874
16499,875
16500,876
16501,877
16504,878
16506,879
16508,880
16509,881
16510,882
16511,883
16512,884
16513,885
16514,886
16515,887
16828,888
16830,889
16832,890
16834,891
16835,892
16836,893
16837,894
16841,895
16842,896
16843,897
16844,898
16846,899
16849,900
16850,901
16851,902
16854,903
16856,904
16858,905
16859,906
16860,907
16861,908
16862,909
16863,910
16864,911
16865,912
16888,913
16889,914
16890,915
16891,916
16892,917
16893,918
16894,919
16895,920
16896,921
16897,922
16898,923
16899,924
16900,925
16901,926
16955,927
16956,928
16957,929
16958,930
16959,931
16961,932
16962,933
16963,934
16964,935
16965,936
16966,937
16967,938
17021,939
17022,940
17023,941
17024,942
17026,943
17027,944
17028,945
17029,946
17030,947
17031,948
17032,949
17086,950
17087,951
17088,952
17089,953
17090,954
17091,955
17092,956
17093,957
17094,958
17095,959
17096,960
17150,961
17151,962
17152,963
17153,964
17154,965
17155,966
17156,967
17157,968
17158,969
17159,970
17213,971
17214,972
17215,973
17216,974
17217,975
17218,976
17219,977
17220,978
17221,979
17275,980
17276,981
17277,982
17278,983
17279,984
17281,985
17282,986
17283,987
17337,988
17338,989
17340,990
17342,991
17343,992
17397,993
17398,994
17399,995
17401,996
17402,997
17403,998
17457,999
17458,1000
17460,1001
17461,1002
17462,1003
17463,1004
17464,1005
17465,1006
17469,1007
17470,1008
17471,1009
17472,1010
17474,1011
17477,1012
17478,1013
17479,1014
17482,1015
17484,1016
17486,1017
17487,1018
17488,1019
17489,1020
17490,1021
17491,1022
17492,1023
17493,1024
17516,1025
17518,1026
17519,1027
17520,1028
17574,1029
17575,1030
17576,1031
17577,1032
17578,1033
17579,1034
17580,1035
17584,1036
17585,1037
17586,1038
17587,1039
17589,1040
17626,1041
17627,1042
17631,1043
17633,1044
17634,1045
17663,1046
17664,1047
17665,1048
17666,1049
17667,1050
17671,1051
17672,1052
17673,1053
17674,1054
17676,1055
17678,1056
17679,1057
17680,1058
17683,1059
17685,1060
17687,1061
17688,1062
17689,1063
17690,1064
17691,1065
17692,1066
17693,1067
17694,1068
17712,1069
17713,1070
17717,1071
17718,1072
17770,1073
17771,1074
17772,1075
17776,1076
17777,1077
17778,1078
17779,1079
17781,1080
17784,1081
17785,1082
17786,1083
17788,1084
17789,1085
17791,1086
17793,1087
17794,1088
17795,1089
17796,1090
17797,1091
17798,1092
17799,1093
17800,1094
17801,1095
17802,1096
17805,1097
17806,1098
17808,1099
17810,1100
17812,1101
17814,1102
17815,1103
17816,1104
17817,1105
17818,1106
17819,1107
17823,1108
17824,1109
17825,1110
17826,1111
17827,1112
17828,1113
17829,1114
17830,1115
17831,1116
17833,1117
17870,1118
17871,1119
17875,1120
17876,1121
17877,1122
17878,1123
17879,1124
17880,1125
17881,1126
17882,1127
17884,1128
17887,1129
17888,1130
17889,1131
17892,1132
17894,1133
17896,1134
17897,1135
17898,1136
17899,1137
17900,1138
17901,1139
17902,1140
17903,1141
17904,1142
17908,1143
17909,1144
17911,1145
17913,1146
17915,1147
17917,1148
17920,1149
17921,1150
17922,1151
17926,1152
17927,1153
17928,1154
17929,1155
17930,1156
17931,1157
17932,1158
17934,1159
17937,1160
17938,1161
17939,1162
17941,1163
17942,1164
17944,1165
17946,1166
17947,1167
17948,1168
17949,1169
17950,1170
17951,1171
17952,1172
17953,1173
17954,1174
17958,1175
17959,1176
17961,1177
17963,1178
17965,1179
17967,1180
17968,1181
17970,1182
17971,1183
17972,1184
17976,1185
17977,1186
17978,1187
17979,1188
17980,1189
17981,1190
17983,1191
18025,1192
18026,1193
18027,1194
18028,1195
18029,1196
18031,1197
18073,1198
18074,1199
18075,1200
18076,1201
18078,1202
18120,1203
18121,1204
18122,1205
18124,1206
18127,1207
18128,1208
18129,1209
18132,1210
18134,1211
18136,1212
18137,1213
18138,1214
18139,1215
18140,1216
18141,1217
18142,1218
18143,1219
18144,1220
18148,1221
18149,1222
18151,1223
18153,1224
18155,1225
18157,1226
18158,1227
18160,1228
18161,1229
18162,1230
18166,1231
18167,1232
18169,1233
18172,1234
18173,1235
18174,1236
18177,1237
18179,1238
18181,1239
18182,1240
18183,1241
18184,1242
18185,1243
18186,1244
18187,1245
18188,1246
18189,1247
18190,1248
18193,1249
18194,1250
18196,1251
18198,1252
18200,1253
18202,1254
18203,1255
18205,1256
18206,1257
18207,1258
18211,1259
18213,1260
18216,1261
18217,1262
18218,1263
18221,1264
18223,1265
18225,1266
18226,1267
18227,1268
18228,1269
18229,1270
18230,1271
18231,1272
18232,1273
18233,1274
18237,1275
18238,1276
18240,1277
18242,1278
18244,1279
18246,1280
18247,1281
18249,1282
18250,1283
18251,1284
18256,1285
18259,1286
18260,1287
18261,1288
18264,1289
18266,1290
18268,1291
18269,1292
18270,1293
18271,1294
18272,1295
18273,1296
18274,1297
18275,1298
18279,1299
18280,1300
18281,1301
18283,1302
18284,1303
18285,1304
18287,1305
18288,1306
18290,1307
18291,1308
18292,1309
18340,1310
18341,1311
18342,1312
18344,1313
18345,1314
18346,1315
18347,1316
18349,1317
18350,1318
18351,1319
18352,1320
18353,1321
18354,1322
18355,1323
18356,1324
18357,1325
18358,1326
18360,1327
18361,1328
18362,1329
18364,1330
18366,1331
18368,1332
18370,1333
18371,1334
18373,1335
18374,1336
18375,1337
18457,1338
18458,1339
18460,1340
18461,1341
18462,1342
18463,1343
18465,1344
18466,1345
18467,1346
18468,1347
18469,1348
18470,1349
18471,1350
18472,1351
18482,1352
18495,1353
18498,1354
18500,1355
18502,1356
18503,1357
18504,1358
18505,1359
18506,1360
18507,1361
18508,1362
18509,1363
18510,1364
18514,1365
18515,1366
18517,1367
18519,1368
18521,1369
18523,1370
18524,1371
18526,1372
18532,1373
18533,1374
18534,1375
18535,1376
18537,1377
18538,1378
18539,1379
18540,1380
18541,1381
18542,1382
18543,1383
18544,1384
18545,1385
18546,1386
18548,1387
18550,1388
18552,1389
18554,1390
18556,1391
18558,1392
18559,1393
1856,1394
18561,1395
18636,1396
18637,1397
18639,1398
18640,1399
18641,1400
18642,1401
18643,1402
18644,1403
18645,1404
18646,1405
18647,1406
18648,1407
18650,1408
18652,1409
18654,1410
18656,1411
18658,1412
18660,1413
18663,1414
18669,1415
18671,1416
18672,1417
18673,1418
18674,1419
18675,1420
18676,1421
18677,1422
18678,1423
18679,1424
18682,1425
18684,1426
18686,1427
18702,1428
18703,1429
18704,1430
18705,1431
18706,1432
18707,1433
18708,1434
18709,1435
18710,1436
18713,1437
18715,1438
18717,1439
18719,1440
18721,1441
18723,1442
18724,1443
18726,1444
18762,1445
18763,1446
18764,1447
18765,1448
18766,1449
18767,1450
18768,1451
18769,1452
18772,1453
18774,1454
18776,1455
18778,1456
18780,1457
18782,1458
18783,1459
18785,1460
18791,1461
18792,1462
18793,1463
18794,1464
18795,1465
18796,1466
18797,1467
18798,1468
18800,1469
18802,1470
18804,1471
18806,1472
18808,1473
18810,1474
18811,1475
18813,1476
18819,1477
18820,1478
18821,1479
18822,1480
18823,1481
18824,1482
18827,1483
18828,1484
18829,1485
18831,1486
18833,1487
18835,1488
18837,1489
18838,1490
18840,1491
18846,1492
18847,1493
18848,1494
18849,1495
18850,1496
18853,1497
18854,1498
18855,1499
18857,1500
18859,1501
18861,1502
18863,1503
18864,1504
18866,1505
18872,1506
18873,1507
18874,1508
18875,1509
18876,1510
18878,1511
18879,1512
18880,1513
18882,1514
18884,1515
18886,1516
18888,1517
18889,1518
18891,1519
18897,1520
18898,1521
18899,1522
18902,1523
18903,1524
18904,1525
18906,1526
18908,1527
18910,1528
18912,1529
18913,1530
18915,1531
18921,1532
18922,1533
18925,1534
18926,1535
18927,1536
18929,1537
18931,1538
18933,1539
18935,1540
18936,1541
18938,1542
18944,1543
18945,1544
18946,1545
18947,1546
18948,1547
18949,1548
18951,1549
18953,1550
18955,1551
18956,1552
18957,1553
18958,1554
18959,1555
18960,1556
18966,1557
18969,1558
18970,1559
18972,1560
18974,1561
18976,1562
18978,1563
18981,1564
18990,1565
18992,1566
19027,1567
19029,1568
19031,1569
19033,1570
19035,1571
19038,1572
19044,1573
19046,1574
19048,1575
19050,1576
19055,1577
19062,1578
19064,1579
19066,1580
19068,1581
19069,1582
19071,1583
19093,1584
19095,1585
19096,1586
19097,1587
19098,1588
19100,1589
19120,1590
19121,1591
19122,1592
19123,1593
19125,1594
19142,1595
19143,1596
19144,1597
19146,1598
19152,1599
19153,1600
19155,1601
19161,1602
19162,1603
19163,1604
19170,1605
19176,1606
19187,1607
19238,1608
19253,1609
19256,1610
19257,1611
19259,1612
19260,1613
19261,1614
19262,1615
19263,1616
19266,1617
19279,1618
19280,1619
19282,1620
19283,1621
19318,1622
19321,1623
19341,1624
19343,1625
19348,1626
19353,1627
19356,1628
19358,1629
19373,1630
19374,1631
19378,1632
19379,1633
19380,1634
19381,1635
1940,1636
19429,1637
19430,1638
19448,1639
19449,1640
19450,1641
19451,1642
19452,1643
19453,1644
19454,1645
19455,1646
19457,1647
19458,1648
19459,1649
19460,1650
19476,1651
19477,1652
19478,1653
19479,1654
19480,1655
19481,1656
19482,1657
19483,1658
19484,1659
19485,1660
19486,1661
19487,1662
19488,1663
19490,1664
19491,1665
19492,1666
19493,1667
19541,1668
19542,1669
19548,1670
19549,1671
19550,1672
19551,1673
19599,1674
19600,1675
19618,1676
19619,1677
19620,1678
19621,1679
19622,1680
19623,1681
19624,1682
19625,1683
19627,1684
19628,1685
19629,1686
19630,1687
19646,1688
19647,1689
19648,1690
19649,1691
19650,1692
19651,1693
19652,1694
19653,1695
19654,1696
19655,1697
19656,1698
19657,1699
19658,1700
19660,1701
19661,1702
19662,1703
19663,1704
19711,1705
19712,1706
19717,1707
19718,1708
20069,1709
20070,1710
20071,1711
20072,1712
20073,1713
20074,1714
20075,1715
20076,1716
20077,1717
20078,1718
20080,1719
20081,1720
20084,1721
20086,1722
20088,1723
20121,1724
20123,1725
20124,1726
20128,1727
20129,1728
20130,1729
20131,1730
20133,1731
20136,1732
20137,1733
20150,1734
20151,1735
20152,1736
20153,1737
20154,1738
20155,1739
20156,1740
20161,1741
20163,1742
20165,1743
20202,1744
20204,1745
20205,1746
20209,1747
20210,1748
20211,1749
20212,1750
20214,1751
20217,1752
20218,1753
20231,1754
20232,1755
20233,1756
20234,1757
20235,1758
20236,1759
20237,1760
20242,1761
20244,1762
20246,1763
20280,1764
20282,1765
20283,1766
20287,1767
20288,1768
20289,1769
20290,1770
20292,1771
20296,1772
20309,1773
20311,1774
20314,1775
20315,1776
20319,1777
20320,1778
20322,1779
20324,1780
20375,1781
20377,1782
20378,1783
20382,1784
20383,1785
20384,1786
20385,1787
20387,1788
20391,1789
20404,1790
20406,1791
20408,1792
20409,1793
20414,1794
20415,1795
20417,1796
20419,1797
20473,1798
20475,1799
20476,1800
20480,1801
20481,1802
20482,1803
20483,1804
20485,1805
20489,1806
20502,1807
20503,1808
20504,1809
20505,1810
20506,1811
20507,1812
20508,1813
20513,1814
20515,1815
20517,1816
20551,1817
20553,1818
20554,1819
20558,1820
20559,1821
20560,1822
20561,1823
20563,1824
20567,1825
20580,1826
20582,1827
20585,1828
20591,1829
20593,1830
20595,1831
20649,1832
20651,1833
20652,1834
20656,1835
20657,1836
20658,1837
20659,1838
20661,1839
20664,1840
20665,1841
20678,1842
20679,1843
20680,1844
20681,1845
20682,1846
20683,1847
20689,1848
20691,1849
20693,1850
20729,1851
20730,1852
20734,1853
20739,1854
20742,1855
20756,1856
20758,1857
20760,1858
20761,1859
20762,1860
20766,1861
20767,1862
20769,1863
20771,1864
20795,1865
20796,1866
20797,1867
20798,1868
20799,1869
20800,1870
20815,1871
20816,1872
20818,1873
20819,1874
20820,1875
20821,1876
20822,1877
20823,1878
20824,1879
20825,1880
20826,1881
20827,1882
20828,1883
20829,1884
20830,1885
20831,1886
20832,1887
20833,1888
20834,1889
20836,1890
20837,1891
20838,1892
20841,1893
20842,1894
20844,1895
21066,1896
21113,1897
21119,1898
21122,1899
21124,1900
21125,1901
21127,1902
21128,1903
21165,1904
21168,1905
21169,1906
21170,1907
21171,1908
21173,1909
21174,1910
21208,1911
21209,1912
21211,1913
21217,1914
21218,1915
21220,1916
21227,1917
21228,1918
21229,1919
21235,1920
21236,1921
21238,1922
21246,1923
21247,1924
21253,1925
21254,1926
21255,1927
21256,1928
21257,1929
21260,1930
21262,1931
21263,1932
21278,1933
21299,1934
21303,1935
21304,1936
21316,1937
21361,1938
21364,1939
21365,1940
21369,1941
21371,1942
21373,1943
21374,1944
21376,1945
21377,1946
21378,1947
21379,1948
21380,1949
21381,1950
21382,1951
21383,1952
21391,1953
21415,1954
21417,1955
21418,1956
21420,1957
21421,1958
21422,1959
21423,1960
21486,1961
21488,1962
21489,1963
21493,1964
21496,1965
21498,1966
21502,1967
21515,1968
21516,1969
21517,1970
21555,1971
21557,1972
21558,1973
21562,1974
21563,1975
21564,1976
21567,1977
2157,1978
21571,1979
21584,1980
21680,1981
21724,1982
21729,1983
21886,1984
21895,1985
2209,1986
2212,1987
22318,1988
22319,1989
22320,1990
22321,1991
22322,1992
22323,1993
22324,1994
22325,1995
22326,1996
22327,1997
22328,1998
22329,1999
22330,2000
22331,2001
22332,2002
22333,2003
22334,2004
22335,2005
22336,2006
22337,2007
22338,2008
22339,2009
22340,2010
22341,2011
22342,2012
22343,2013
22344,2014
22345,2015
22346,2016
22347,2017
22348,2018
22349,2019
22350,2020
22351,2021
22352,2022
22353,2023
22354,2024
22355,2025
22356,2026
22357,2027
22358,2028
22359,2029
22360,2030
22361,2031
22362,2032
22363,2033
22364,2034
22365,2035
22366,2036
22367,2037
22368,2038
22369,2039
22370,2040
22371,2041
22372,2042
22373,2043
22374,2044
22375,2045
22376,2046
22377,2047
22378,2048
22379,2049
22380,2050
22381,2051
22382,2052
22383,2053
22384,2054
22385,2055
22386,2056
22387,2057
22388,2058
22389,2059
22390,2060
22391,2061
22392,2062
22393,2063
22394,2064
22395,2065
22396,2066
22397,2067
22398,2068
22399,2069
22400,2070
22401,2071
22402,2072
22403,2073
22404,2074
22405,2075
22406,2076
22407,2077
22408,2078
22409,2079
22410,2080
22411,2081
22412,2082
22413,2083
22414,2084
22415,2085
22416,2086
22417,2087
22418,2088
22419,2089
22420,2090
22421,2091
22422,2092
22423,2093
22424,2094
22425,2095
22426,2096
22427,2097
22428,2098
22429,2099
22430,2100
22431,2101
22432,2102
22433,2103
22553,2104
22554,2105
22556,2106
22557,2107
22558,2108
22559,2109
22560,2110
22561,2111
22562,2112
22565,2113
22566,2114
22567,2115
22568,2116
22569,2117
22570,2118
22571,2119
22572,2120
22573,2121
22574,2122
22575,2123
22576,2124
22577,2125
22578,2126
22580,2127
22581,2128
22582,2129
22597,2130
22598,2131
22599,2132
22600,2133
22601,2134
22602,2135
22603,2136
22604,2137
22605,2138
22606,2139
22607,2140
22608,2141
22609,2142
22616,2143
22620,2144
22621,2145
22626,2146
22627,2147
22643,2148
22651,2149
22666,2150
22668,2151
22670,2152
22671,2153
22676,2154
22678,2155
22681,2156
22978,2157
22979,2158
22980,2159
22981,2160
23027,2161
23028,2162
23041,2163
23042,2164
23043,2165
23044,2166
23045,2167
23046,2168
23051,2169
23052,2170
23053,2171
23054,2172
23055,2173
23056,2174
23059,2175
23060,2176
23061,2177
23062,2178
23078,2179
23079,2180
23080,2181
23081,2182
23082,2183
23083,2184
23084,2185
23085,2186
23086,2187
23091,2188
23095,2189
23125,2190
23131,2191
23161,2192
23162,2193
23458,2194
23459,2195
23460,2196
23461,2197
23487,2198
23488,2199
23489,2200
23490,2201
23520,2202
23521,2203
23522,2204
23523,2205
23549,2206
23550,2207
23551,2208
23552,2209
23582,2210
23583,2211
23584,2212
23585,2213
23611,2214
23612,2215
23613,2216
23614,2217
23644,2218
23645,2219
23646,2220
23647,2221
23673,2222
23674,2223
23675,2224
23676,2225
24054,2226
24055,2227
24057,2228
24093,2229
24096,2230
24452,2231
24453,2232
24475,2233
24509,2234
24510,2235
24511,2236
24512,2237
24546,2238
24547,2239
24548,2240
24549,2241
24557,2242
24558,2243
24559,2244
24563,2245
24564,2246
24565,2247
24591,2248
24592,2249
24593,2250
24594,2251
24628,2252
24629,2253
24630,2254
24631,2255
24639,2256
24640,2257
24641,2258
24645,2259
24646,2260
24647,2261
24650,2262
24651,2263
24652,2264
24653,2265
24668,2266
24669,2267
2499,2268
25128,2269
25163,2270
25257,2271
25258,2272
25287,2273
25290,2274
25295,2275
25345,2276
25346,2277
25347,2278
25348,2279
2585,2280
26014,2281
26018,2282
26019,2283
26020,2284
26021,2285
26022,2286
26023,2287
26027,2288
26030,2289
26031,2290
26178,2291
26180,2292
26181,2293
26183,2294
26184,2295
26192,2296
26359,2297
26380,2298
26396,2299
26401,2300
26402,2301
26404,2302
26406,2303
26421,2304
26558,2305
26560,2306
26563,2307
2665,2308
2669,2309
26693,2310
26694,2311
26717,2312
26719,2313
26722,2314
2673,2315
26730,2316
26732,2317
26734,2318
26736,2319
26739,2320
2674,2321
2675,2322
2676,2323
2679,2324
2680,2325
2685,2326
2686,2327
26875,2328
26885,2329
26887,2330
26888,2331
28292,2332
28450,2333
29245,2334
29246,2335
29251,2336
29252,2337
29253,2338
29254,2339
29255,2340
29265,2341
29281,2342
29365,2343
2955,2344
29587,2345
29609,2346
29610,2347
29616,2348
29693,2349
29694,2350
3012,2351
30165,2352
30166,2353
3041,2354
3098,2355
3127,2356
3184,2357
3213,2358
3270,2359
3438,2360
3523,2361
3896,2362
3954,2363
4638,2364
4728,2365
4924,2366
6249,2367
6250,2368
6251,2369
6252,2370
6253,2371
6254,2372
6255,2373
6256,2374
6257,2375
6258,2376
6259,2377
6260,2378
6261,2379
6877,2380
719,2381
7425,2382
7509,2383
7593,2384
7677,2385
7761,2386
8014,2387
8314,2388
8366,2389
8369,2390
8656,2391
8742,2392
8823,2393
8827,2394
8828,2395
8829,2396
8830,2397
8831,2398
8837,2399
8838,2400
8843,2401
8844,2402
91,2403
9113,2404
9170,2405
9199,2406
92,2407
9256,2408
9285,2409
93,2410
9342,2411
9371,2412
94,2413
9428,2414
95,2415
9596,2416
96,2417
9681,2418
97,2419
98,2420
99,2421
