Date,Observe,Tendance,Saisonnalite,Residu
2023-11-01,0.05999633120262406,0.07031385199308603,-0.003428835284573968,-0.00688868550588799
2023-11-02,0.08171711061932636,0.07075483988410482,0.00839796228678981,0.0025643084484317374
2023-11-03,0.0692532264189141,0.07116974876088658,-0.002444337295703408,0.000527814953730929
2023-11-04,0.0749897510299708,0.07156828404863369,0.0017711444823420807,0.0016503224989950216
2023-11-05,0.07032738645591433,0.07195519706038211,-0.0014214383139597045,-0.00020637229050808614
2023-11-06,0.07295975966610521,0.07232487772580572,-0.00011324303840802376,0.0007481249787075206
2023-11-07,0.07016001447970291,0.07265154849048179,-0.0018254558074296166,-0.0006660782033492685
2023-11-08,0.07629468867305404,0.07283028441534575,-0.0024162660604878363,0.005880670318196127
2023-11-09,0.07471253821999095,0.07297575468272927,0.005292908166016276,-0.0035561246287545978
2023-11-10,0.071459303550733,0.07318660430639927,-0.0007948876396036628,-0.0009324131160626109
2023-11-11,0.07372453480048993,0.07341012230201323,0.00013782863406067202,0.0001765838644160328
2023-11-12,0.07216404341088586,0.07359218594194092,-0.0001080402856083899,-0.0013201022454466665
2023-11-13,0.07376363246135878,0.0737052229339815,-0.0014380450633892372,0.0014964545907665133
2023-11-14,0.07290857869700937,0.07381470596994595,0.00025818034119335774,-0.0011643076141299447
2023-11-15,0.07809492066044815,0.07394853197087259,-0.0014039472626471037,0.005550335952222665
2023-11-16,0.07512833797659833,0.07411175602912608,0.0021726854790012446,-0.001156103531528993
2023-11-17,0.07589597311462529,0.07426529698309736,0.0008367849877934349,0.0007938911437344875
2023-11-18,0.06784955042997821,0.07448164893519058,-0.0012823129161679686,-0.005349785589044392
2023-11-19,0.07727152295701988,0.07475075866509277,0.0009328108700303021,0.0015879534218967983
2023-11-20,0.06871276418329735,0.07512215933817461,-0.002472160641101975,-0.003937234513775284
2023-11-21,0.08218481611292218,0.07560298385677808,0.0021406476452483555,0.0044411846108957515
2023-11-22,0.07030376124220063,0.07613066896433004,-0.0006827312905879041,-0.005144176431541511
2023-11-23,0.08060582117985744,0.07657472786329034,-0.0005785114364967156,0.004609604753063823
2023-11-24,0.07897526674402439,0.07686587509588566,0.0025073836850152045,-0.0003979920368764739
2023-11-25,0.07613373933331147,0.07691609377085891,-0.0026665200987544815,0.0018841656612070407
2023-11-26,0.08232662892446166,0.07675976397561315,0.0018381240170859989,0.0037287409317625086
2023-11-27,0.07149849283345518,0.07645737337215393,-0.0034761582944156716,-0.0014827222442830856
2023-11-28,0.07998254449677554,0.07625140038260216,0.004016456450508909,-0.0002853123363355248
2023-11-29,0.07407987393038054,0.07623594924427739,-0.0015921170675340746,-0.0005639582463627668
2023-11-30,0.06797741122235462,0.07637224473058947,-0.0013401653605230501,-0.007054668147711801
2023-12-01,0.09259289252196963,0.07652288801735065,0.0037925930426680656,0.012277411461950924
2023-12-02,0.07309193609989258,0.07661752445837852,-0.0018057708264448019,-0.0017198175320411457
2023-12-03,0.07763399001502923,0.07668763352542379,0.0003885859166742328,0.0005577705729312016
2023-12-04,0.07878152612920532,0.07674095616897572,-0.0035485019321425003,0.005589071892372094
2023-12-05,0.0817076899532943,0.07667137408846718,0.0028309611688538986,0.00220535469597323
2023-12-06,0.07770154567793211,0.07627117533549158,-0.000954840279368232,0.00238521062180877
2023-12-07,0.07231097030294602,0.07564814223554044,-0.0011503990641019827,-0.0021867728684924342
2023-12-08,0.07853478719501873,0.0749973650310667,0.0050673925312615135,-0.00152997036730948
2023-12-09,0.07388506508254668,0.07438537055870871,-0.0005915455322264554,9.124005606442331e-05
2023-12-10,0.07047064923892321,0.07397736037308845,-0.0018456205439991644,-0.0016610905901660727
2023-12-11,0.06636633616907489,0.07384970058276044,-0.0023452617211863827,-0.005138102692499175
2023-12-12,0.07584221830612937,0.07392201897945486,-0.0010700910254430698,0.0029902903521175916
2023-12-13,0.07143910826201573,0.07415263657572269,-4.069820074573543e-05,-0.0026728301129612247
2023-12-14,0.0760947589503698,0.07446003324121665,0.0009347952592838033,0.0006999304498693376
2023-12-15,0.08230024252171397,0.07497098384859872,0.005520596086634989,0.0018086625864802558
2023-12-16,0.07689250498357258,0.07575794033738585,0.0002265070370455553,0.0009080576091411718
2023-12-17,0.07003499221869301,0.07665758960238496,-0.0025796796536061645,-0.004042917730085777
2023-12-18,0.07544083881661393,0.07750159619634359,-0.0019942147306619314,-6.654264906773288e-05
2023-12-19,0.06852325450597929,0.07828425208347525,-0.003728821391760022,-0.006032176185735941
2023-12-20,0.08241549144251341,0.07905200138198584,-0.00025117740661629093,0.0036146674671438533
2023-12-21,0.08760149190915834,0.07986764868637801,0.002984372808620598,0.004749470414159726
2023-12-22,0.08533848835327756,0.08049328599521964,0.005189942892740023,-0.0003447405346821003
2023-12-23,0.08182028425174016,0.08071149655016467,0.0005090568397100412,0.0005997308618654468
2023-12-24,0.07923565999031834,0.08054771133927084,-0.0015084753228394145,0.00019642397388691668
2023-12-25,0.08276246382005215,0.08016217868818588,-0.0018417692100029823,0.004442054341869242
2023-12-26,0.09384581362680923,0.07977742595297134,-0.00542128823275631,0.0194896759065942
2023-12-27,0.07561719651557855,0.07940660803011414,0.0008857243117265172,-0.004675135826262111
2023-12-28,0.0805858252719435,0.0790138095214621,0.0018936678823827172,-0.0003216521319013149
2023-12-29,0.06623230855085499,0.07854854862215042,0.004311313554323685,-0.016627553625619115
2023-12-30,0.07840023696641586,0.07811244041137784,0.00042737364478867367,-0.0001395770897506532
2023-12-31,0.08047914629938181,0.07791461633536441,0.0008376805495496314,0.0017268494144677682
2024-01-01,0.07472073357627433,0.07790600420081215,-0.0022565433156263347,-0.0009287273089114839
2024-01-02,0.07205430030776656,0.07784056042222416,-0.005388450798383676,-0.000397809316073916
2024-01-03,0.08011217996466842,0.0776608301516228,0.0018762919259247566,0.0005750578871208667
2024-01-04,0.09269552279833725,0.07745697870113458,-0.0002896341287503001,0.015528178225952968
2024-01-05,0.08129233688043463,0.07731549589182511,0.0036368964615744208,0.0003399445270351048
2024-01-06,0.0766351393500555,0.07716319874882643,-0.0003038779025049934,-0.00022418149626593498
2024-01-07,0.07944896667280243,0.07695304499355202,0.0030033792166768935,-0.0005074575374264811
2024-01-08,0.07329439078185453,0.07668941479978114,-0.0036092131062398086,0.0002141890883131936
2024-01-09,0.07303095153894502,0.07637633058701189,-0.002458770440402418,-0.0008866086076644436
2024-01-10,0.08371695919548724,0.07598748396426229,0.001926657953239713,0.005802817277985248
2024-01-11,0.07162567081822495,0.0755743176454019,-0.002241892831647875,-0.0017067539955290811
2024-01-12,0.076154751752155,0.07511198265824792,0.0033790648473516504,-0.0023362957534445727
2024-01-13,0.07582999867727218,0.07462848050141233,-0.0019399176456323304,0.003141435821492178
2024-01-14,0.07857917840623038,0.0742082695493162,0.0036547562671405275,0.0007161525897736581
2024-01-15,0.06475525641454502,0.07380278767939868,-0.003225819628559891,-0.005821711636293775
2024-01-16,0.07605972366163587,0.07344089251654877,0.0001980000771272188,0.002420831067959872
2024-01-17,0.07244998162077759,0.07325307970938472,0.0014611777668608649,-0.0022642758554679843
2024-01-18,0.06945767229883441,0.07317765678445723,-0.0028040353679877937,-0.000915949117635026
2024-01-19,0.0816876577743565,0.07321365395482711,0.002037940210842118,0.006436063608687273
2024-01-20,0.06515265230090499,0.07344959793097017,-0.002579900866221649,-0.0057170447638435345
2024-01-21,0.06348809731447208,0.07373406714084924,0.003706586175901721,-0.013952556002278876
2024-01-22,0.07313193479631913,0.07399951477383958,-0.0022934156491728787,0.0014258356716524284
2024-01-23,0.075337044116643,0.07437482914498775,0.002253332019890904,-0.001291117048235646
2024-01-24,0.07356719315755866,0.07491042756589403,-0.00010452128433684186,-0.0012387131239985222
2024-01-25,0.07580126117183304,0.07572350548272742,-0.0027991106298959545,0.002876866319001567
2024-01-26,0.07408654492058067,0.07674750035654362,0.001468647604003504,-0.004129603039966456
2024-01-27,0.07367555775457224,0.07766067808991636,-0.002438362230302056,-0.0015467581050420676
2024-01-28,0.08236962520193233,0.07839566165357038,0.0034760564150986763,0.0004979071332632673
2024-01-29,0.08175358327964101,0.07902606198507192,-0.0019019817090900047,0.004629503003659094
2024-01-30,0.08512226206190572,0.07952061954238689,0.0033120511867151593,0.002289591332803681
2024-01-31,0.07985744765957707,0.07983047229407335,-0.0006528864069371156,0.0006798617724408373
2024-02-01,0.07687551987497743,0.07988210206355122,-0.003948358414327768,0.0009417762257539763
2024-02-02,0.07979421047872119,0.0795797577466836,0.0014132653519253913,-0.0011988126198878013
2024-02-03,0.08030045953184717,0.0790098237214259,-0.0003877112229125763,0.0016783470333338463
2024-02-04,0.08100092372496198,0.078391821038924,0.0025278054914664796,8.129719457150575e-05
2024-02-05,0.07470629786427596,0.07789918113523114,-0.003350850591230396,0.00015796732027521798
2024-02-06,0.07959906333396775,0.07752641360320922,0.0036575792269178094,-0.0015849294961592791
2024-02-07,0.07557272878591391,0.07733382829431504,4.5773570382193974e-05,-0.0018068730787833276
2024-02-08,0.07075595474747293,0.07746224557714983,-0.005435907477153199,-0.0012703833525237046
2024-02-09,0.08007324808434288,0.07782438624449983,0.0037287119216637354,-0.0014798500818206939
2024-02-10,0.07976305977930076,0.07825416944449057,0.0006188432857500412,0.0008900470490601498
2024-02-11,0.06535880206063205,0.07881930496457809,0.002342254202879916,-0.015802757106825965
2024-02-12,0.0720758489397875,0.0795189339682405,-0.0054979680906784385,-0.001945116937774563
2024-02-13,0.08714862890860026,0.08016071570382842,0.003108325905406668,0.0038795872993651753
2024-02-14,0.08261059320299356,0.08064268476939428,0.00028654557648728714,0.0016813628571119982
2024-02-15,0.0700416315030552,0.08077671693066793,-0.0044810225520834765,-0.006254062875529251
2024-02-16,0.08934508893925636,0.08068244255562203,0.005234079274035211,0.003428567109599115
2024-02-17,0.08814212367873754,0.08064424226561874,-0.0012175127189284704,0.008715394132047277
2024-02-18,0.08038111012480464,0.08072663947048561,0.0030130288439749993,-0.003358558189655969
2024-02-19,0.08973550670882331,0.08075750099186799,-0.006628513956812105,0.01560651967376743
2024-02-20,0.07681834968889545,0.0808260292661007,0.0031872197621812814,-0.007194899339386537
2024-02-21,0.08322916415905793,0.08085216471835956,-0.00025224220452680203,0.0026292416452251693
2024-02-22,0.0786693774876289,0.08080444232919759,-0.0010639718979095411,-0.0010710929436591604
2024-02-23,0.09321863360449123,0.0808771286550427,0.003910344605773276,0.008431160343675262
2024-02-24,0.07378539005030114,0.0810304833748836,-0.0033445346033771947,-0.0039005587212052606
2024-02-25,0.09285609392697135,0.08094811331723795,0.003598111980426187,0.008309868629307215
2024-02-26,0.0733989726171156,0.08062847740369944,-0.006678926921572716,-0.0005505778650111148
2024-02-27,0.08552983632414615,0.08004896290265887,0.003362250999472297,0.002118622422014993
2024-02-28,0.07502701816362434,0.07929614292321902,-0.0007706711792533602,-0.0034984535803413153
2024-02-29,0.08625543986446395,0.07842172801025268,0.0028391323020505997,0.004994579552160663
2024-03-01,0.07646902956218869,0.07762051964488528,0.0010705051542410254,-0.002221995236937613
2024-03-02,0.08842138252577487,0.07698664689284378,-0.005553679053536509,0.016988414686467612
2024-03-03,0.07942612589889378,0.07656147613628474,0.004307581265372664,-0.001442931502763617
2024-03-04,0.06968056425807978,0.07632103365445168,-0.005670976980723366,-0.0009694924156485318
2024-03-05,0.07816387933813893,0.0763429985954616,0.005461903255698136,-0.003641022513020814
2024-03-06,0.07435453934576765,0.07671402188666492,-0.0007073110033220438,-0.0016521715375752283
2024-03-07,0.0849880970449883,0.07755101830536822,0.0038952599372523884,0.003541818802367702
2024-03-08,0.07345218349468657,0.07859230331649175,-0.0023525920037824263,-0.0027875278180227447
2024-03-09,0.07235012487006914,0.0794749237065874,-0.0060163220312303535,-0.001108476805287903
2024-03-10,0.08620994896158249,0.08003346867609383,0.0032427906786697833,0.002933689606818876
2024-03-11,0.07842938001411971,0.0802707583317395,-0.004005070856998898,0.0021636925393791195
2024-03-12,0.09158323167971319,0.0801967915212668,0.0060305061970761945,0.005355933961370199
2024-03-13,0.08200017327235355,0.0799360340302935,-0.00014148317744601727,0.002205622419506059
2024-03-14,0.07344814723704846,0.07967822516958502,0.0031958869804961294,-0.009425964913032686
2024-03-15,0.07529085637924979,0.07940661476125574,-0.0030235548705042433,-0.001092203511501702
2024-03-16,0.07494499323884816,0.07910309826419161,-0.004822501717171369,0.0006643966918279259
2024-03-17,0.07604807829674114,0.0788012752244589,0.0027843773094806713,-0.005537574237198431
2024-03-18,0.073987115461775,0.07855498265894473,-0.0016360725725796746,-0.002931794624590048
2024-03-19,0.08787607128811445,0.07842148060413336,0.0034629666531460377,0.005991624030835058
2024-03-20,0.08147129624747806,0.07833284007074841,-0.0003471404134447923,0.0034855965901744446
2024-03-21,0.0809152717605847,0.07810709919087307,0.0012058147792995662,0.0016023577904120678
2024-03-22,0.07514681243597592,0.0776676592800578,-0.0019795014389068395,-0.0005413454051750449
2024-03-23,0.07391241584379585,0.07704176760076262,-0.0027140861416214065,-0.000415265615345356
2024-03-24,0.07922255558776257,0.07642803878678958,0.0028193692290367123,-2.4852428063715237e-05
2024-03-25,0.077132869046204,0.07604814294090449,0.0001760621043173798,0.0009086640009821345
2024-03-26,0.07029200026444075,0.07601865553520458,0.0007694478718197681,-0.006496103142583587
2024-03-27,0.06981434444744458,0.07622064557634005,-0.0007426262031262807,-0.005663674925769191
2024-03-28,0.07565446037756905,0.07643768783661072,0.00040259279747411356,-0.001185820256515771
2024-03-29,0.08022042097619264,0.07663491983009732,-0.001689541847509159,0.005275042993604484
2024-03-30,0.07560497680664718,0.07688667081230065,-0.0013745756764697832,9.288167081632215e-05
2024-03-31,0.08403736277337419,0.07717608409930367,0.0035857508528262367,0.003275527821244281
2024-04-01,0.08280620219420232,0.07740342393230351,0.0010075919822712914,0.004395186279627511
2024-04-02,0.06956044922381603,0.077306801925821,-0.0012740130035800352,-0.0064723396984249365
2024-04-03,0.07577259341932427,0.0768449859321567,-0.000981949163791114,-9.044334904131923e-05
2024-04-04,0.07803797564647719,0.07621947803657222,-0.00012827405896861563,0.0019467716688735814
2024-04-05,0.07198537940642138,0.07556921727520553,-0.0012964970662267877,-0.0022873408025573666
2024-04-06,0.07888632033709993,0.07485894293223574,-0.0022362332524235723,0.006263610657287755
2024-04-07,0.0757963005420818,0.0741601365284453,0.003968155599182291,-0.002331991585545798
2024-04-08,0.07292346273640839,0.07356118806944602,0.0008975625608297072,-0.0015352878938673375
2024-04-09,0.07574789680683176,0.07312456356287951,0.00015275697620290176,0.0024705762677493526
2024-04-10,0.07277434381408682,0.07288746984258147,0.0002447512917403464,-0.00035787732023499774
2024-04-11,0.06678360578771639,0.07289386363449152,-0.00021502661106407282,-0.0058952312357110626
2024-04-12,0.06838897342254498,0.07323364417373981,-0.0011619342996701213,-0.0036827364515247124
2024-04-13,0.06869994774304178,0.07396774460010343,-0.004557014993975016,-0.0007107818630866375
2024-04-14,0.0807925776079619,0.07495178746992189,0.003012470119740784,0.0028283200182992185
2024-04-15,0.07389164436627521,0.07589120834188742,0.00042622883471026647,-0.002425792810322472
2024-04-16,0.09194779884555036,0.07662210668006023,0.0025897454906221124,0.01273594667486802
2024-04-17,0.07989213896369274,0.07712501273151147,0.001485228872562453,0.001281897359618811
2024-04-18,0.08196782848824885,0.07740911524407844,-0.0008279707777491016,0.005386684021919511
2024-04-19,0.08368815398582936,0.07751244093469267,-0.0003604200697977778,0.00653613312093447
2024-04-20,0.06790317045978642,0.07732402351455944,-0.007446472072067201,-0.001974380982705831
2024-04-21,0.07550313498027714,0.0766544019820184,0.002556563183552945,-0.003707830185294206
2024-04-22,0.07669396181479655,0.07554928641945495,-8.95172698843821e-05,0.0012341926652259805
2024-04-23,0.07894668441589363,0.07470528102484733,0.003962189698273415,0.0002792136927728811
2024-04-24,0.07756565876021569,0.07448629291124857,0.0008558521466721376,0.0022235137022949825
2024-04-25,0.07100790499319849,0.0745712806908058,0.0013309005679568698,-0.004894276265564185
2024-04-26,0.06781192383289249,0.07466001166718966,0.0017496637664167088,-0.008597751600713882
2024-04-27,0.08519878055204255,0.07471638021933456,-0.009060103813065889,0.01954250414577388
2024-04-28,0.07829477723435428,0.0748591472398939,0.0016563242025278311,0.0017793057919325561
2024-04-29,0.07776432442930102,0.07517741984779629,-0.0017102138843277967,0.004297118465832528
2024-04-30,0.07831840190225613,0.0757147523203959,0.004273248740356956,-0.0016695991584967235
2024-05-01,0.07493878216858375,0.07630329459743847,0.00029243805551646795,-0.0016569504843711863
2024-05-02,0.06583854691049668,0.07662910890040552,0.003593990056893167,-0.014384552046802009
2024-05-03,0.0817733679440443,0.07672365988909936,0.002269079691392821,0.0027806283635521123
2024-05-04,0.06628187481317269,0.07685856784868846,-0.00919808266818505,-0.0013786103673307237
2024-05-05,0.0788167301309928,0.07714662838870687,0.0012175075427207506,0.00045259419956518443
2024-05-06,0.07269390506102819,0.07750608098858128,-0.004203823885607709,-0.0006083520419453842
2024-05-07,0.08371121216915824,0.07769530568898289,0.004625441822078916,0.0013904646580964325
2024-05-08,0.07377919482858751,0.07762998513327547,0.0009027442074456781,-0.004753534512133645
2024-05-09,0.0867273659903379,0.07745461361742716,0.005536369578088423,0.0037363827948223155
2024-05-10,0.08237941555019108,0.0773913604408652,0.0013835187237614354,0.003604536385564447
2024-05-11,0.06962965586694642,0.07745516219466171,-0.008144275952823207,0.0003187696251079064
2024-05-12,0.0768099840336758,0.07748626786938671,0.0012657911008420045,-0.0019420749365529205
2024-05-13,0.06460588448083546,0.07744391021972058,-0.006613369840758919,-0.006224655898126208
2024-05-14,0.0655677853730608,0.07733452797093476,0.003766197985997363,-0.015532940583871335
2024-05-15,0.08342481563418204,0.07722051265908297,0.0021649760623843146,0.004039326912714747
2024-05-16,0.0845784502986101,0.07728933917882694,0.006500603312869926,0.0007885078069132245
2024-05-17,0.0742293123341722,0.07755786320622698,-0.00022999741874088906,-0.003098553453313904
2024-05-18,0.07296337148354641,0.07780038787536968,-0.005841368629884406,0.0010043522380611403
2024-05-19,0.07966515330328656,0.07767838354621268,0.0019048015530812685,8.196820399261617e-05
2024-05-20,0.07219793622669879,0.07712316302250166,-0.006626213522873663,0.001700986727070794
2024-05-21,0.08152151978925812,0.0763901698099214,0.002026354150069712,0.0031049958292670016
2024-05-22,0.0800965220414554,0.07558061326229265,0.003984308732034828,0.0005316000471279198
2024-05-23,0.07981636327631089,0.07465763813460276,0.0024332980788742357,0.0027254270628338934
2024-05-24,0.0706445372215574,0.0737132444514952,-0.0013333416421517303,-0.0017353655877860585
2024-05-25,0.0660757184049878,0.0727388864657461,-0.002110400862622926,-0.0045527671981353685
2024-05-26,0.07483152763330499,0.0718538044681694,0.003084904748389666,-0.00010718158325408178
2024-05-27,0.0828302596720102,0.0712482721551428,-0.004340973049837362,0.015922960566704766
2024-05-28,0.06834166638786172,0.07100333583267339,-0.0012790504449379386,-0.0013826189998737276
2024-05-29,0.07626230888460182,0.07097067218761555,0.004234721959735593,0.0010569147372506832
2024-05-30,0.06442901765854621,0.07096095237875363,-0.0007708483553880707,-0.005761086364819354
2024-05-31,0.07026971348583991,0.07088292963732434,-0.0010220625428846528,0.00040884639140022216
2024-06-01,0.07609375717159429,0.0708195308205974,-0.0005008589852487586,0.0057750853362456556
2024-06-02,0.08303019846017365,0.07093466664779352,0.0024737280316401095,0.009621803780740013
2024-06-03,0.06750673173097305,0.07116927453520447,-0.0011088935930076722,-0.002553649211223752
2024-06-04,0.06528046306819153,0.07139664900440136,-0.001365981392027976,-0.004750204544181846
2024-06-05,0.0739833442663243,0.07155452857521569,0.0034436812285239134,-0.0010148655374152965
2024-06-06,0.06819448872967246,0.07166692660835251,-0.0031392541026836946,-0.00033318377599636517
2024-06-07,0.07390675132398328,0.07181925911279166,-0.0008589520534527044,0.0029464442646443267
2024-06-08,0.08926217168051037,0.07189688206581131,-0.00016209216247934353,0.0175273817771784
2024-06-09,0.07269878577829783,0.07202536489123956,0.0005897762626949693,8.364462436330489e-05
2024-06-10,0.08403189188311008,0.07224871850052283,0.0005214866837672192,0.011261686698820023
2024-06-11,0.06193763144135052,0.07242003273745852,0.001375698859740746,-0.011858100155848747
2024-06-12,0.07520475547660647,0.07249715124817958,0.002608420010752226,9.918421767465824e-05
2024-06-13,0.06752343845771495,0.07260700300760743,-0.002385476400316568,-0.0026980881495759085
2024-06-14,0.06999395633005243,0.07298978894031406,-0.001127278198621855,-0.0018685544116397862
2024-06-15,0.07326037211640583,0.07347321878601885,-0.0016422124822986295,0.0014293658126856151
2024-06-16,0.07034932432589593,0.0738115699543453,-0.002579635266743153,-0.0008826103617062264
2024-06-17,0.07835670066147742,0.07388358165411137,0.0013712137935786319,0.0031019052137874203
2024-06-18,0.0832946967909437,0.07373572258382335,0.004904202657884735,0.004654771549235617
2024-06-19,0.08941315871775717,0.07355845968059609,0.0013769456661656,0.01447775337099548
2024-06-20,0.0732594902475089,0.07345870589991321,0.0007765759007722331,-0.0009757915531765499
2024-06-21,0.07105521887573743,0.07342411206104942,-0.0020505313548200665,-0.00031836183049191447
2024-06-22,0.059300164965515385,0.07344509373304689,-0.004293014749170896,-0.009851914018360608
2024-06-23,0.06607160128437933,0.07362347682494748,-0.004491089823221418,-0.003060785717346734
2024-06-24,0.07329746073533007,0.07420118039598894,0.0011816266077956648,-0.002085346268454538
2024-06-25,0.08344032234353534,0.07504001789790189,0.00808406711862782,0.0003162373270056279
2024-06-26,0.0777771130208372,0.0758383731063141,0.0003986626025561926,0.0015400773119669114
2024-06-27,0.08465200069809224,0.07659566833673682,0.003611250383293485,0.004445081978061927
2024-06-28,0.0770784104936029,0.07713825833818672,-0.002257492536428188,0.002197644691844372
2024-06-29,0.07265143142374779,0.07734952376360238,-0.006055212379356804,0.0013571200395022104
2024-06-30,0.07323773616866068,0.07717918969120015,-0.0045556116569663175,0.0006141581344268482
2024-07-01,0.07478842381200812,0.07668814266461606,0.0009772106880564751,-0.0028769295406644163
2024-07-02,0.08689781507914203,0.07608357968770016,0.006070943121679115,0.00474329226976275
2024-07-03,0.07203642587912214,0.07560822439385226,-0.00041416673038721,-0.003157631784342904
2024-07-04,0.08228162568640902,0.07533106735165587,0.005917749708703361,0.0010328086260497915
2024-07-05,0.06881440200722384,0.07523913093831074,-0.0014706269174169454,-0.004954102013669942
2024-07-06,0.06802227610774336,0.07522526152379799,-0.005884402616934263,-0.0013185827991203658
2024-07-07,0.07186401848017246,0.07529026483910448,-0.002824385801547712,-0.0006018605573843011
2024-07-08,0.0819121766100862,0.07533171351338772,0.000824271498590253,0.0057561915981082235
2024-07-09,0.07649111955024267,0.07532533796611358,0.002848494128745019,-0.0016827125446159386
2024-07-10,0.07854074384631031,0.07524591976302954,-0.0022556268757381176,0.0055504509590188905
2024-07-11,0.0789926368115157,0.07508842711617872,0.0073374512995771,-0.003433241604240106
2024-07-12,0.08132938469324232,0.0747745923713902,-0.001532616728869082,0.008087409050721195
2024-07-13,0.06749609200631121,0.0744036729492337,-0.003749026037574313,-0.0031585549053481793
2024-07-14,0.07189729446186593,0.07409507544391859,-0.0010385631106861193,-0.0011592178713665385
2024-07-15,0.07416230696676215,0.07403896307250277,0.0005201944559304884,-0.00039685056167110266
2024-07-16,0.07256100028485946,0.07434387349874828,-0.000599648409820386,-0.0011832248040684473
2024-07-17,0.0679924866495955,0.07494919511329688,-0.0028805778409551493,-0.004076130622746241
2024-07-18,0.08531534584204432,0.07551524929554876,0.008495219721062677,0.0013048768254328852
2024-07-19,0.07267895826676972,0.07597703953722158,-0.0013305092653959172,-0.0019675720050559425
2024-07-20,0.08179165707113017,0.0764428032642661,-0.00219667153356775,0.007545525340431833
2024-07-21,0.0859779194333039,0.07699740030824805,0.00017440310692525874,0.008806116018130597
2024-07-22,0.07616903263960158,0.07753836073058924,-0.0005331534885141289,-0.0008361746024735384
2024-07-23,0.07278236826959766,0.07783663020200375,-0.0026228072832676086,-0.0024314546491384786
2024-07-24,0.07294033141031749,0.07780516226357169,-0.0030329854381405614,-0.0018318454151136365
2024-07-25,0.08810427852510753,0.07767799792981639,0.008830808803699425,0.0015954717915917238
2024-07-26,0.07786364160859847,0.07778572538770001,-0.002436769257702112,0.0025146854786005784
2024-07-27,0.07700054294172891,0.07825495332015149,-0.0005898562583061338,-0.0006645541201164423
2024-07-28,0.0746703398761973,0.07873400544150583,0.0019845804972326267,-0.00604824606254116
2024-07-29,0.07516464421128505,0.07904550536293248,-0.0006233700908884729,-0.0032574910607589547
2024-07-30,0.07945208137799245,0.0793297202573409,-0.0038788151473363552,0.004001176267987905
2024-07-31,0.08509674933292853,0.07962333624231784,-0.0025167089473211767,0.007990122037931868
2024-08-01,0.07189904564583302,0.07988165614486087,0.008028216370247103,-0.01601082686927495
2024-08-02,0.07340776431548146,0.08003944813620234,-0.0032066826624222037,-0.0034250011582986767
2024-08-03,0.08007763291038608,0.07995025175272832,-0.0011495740808150977,0.0012769552384728489
2024-08-04,0.08574242182428972,0.07950698041053322,0.0025142364900910767,0.0037212049236654138
2024-08-05,0.08170548549966918,0.07886206305364642,0.0006759242031395794,0.0021674982428831757
2024-08-06,0.07069763204884282,0.07833632296846292,-0.004308103162625402,-0.003330587756994699
2024-08-07,0.0720729559263135,0.07791227535551563,-0.0005345592252849411,-0.00530476020391718
2024-08-08,0.08387620962715418,0.07748207109211447,0.0057729348471599815,0.00062120368787974
2024-08-09,0.07462681299362836,0.0771164399226166,-0.002865415277886147,0.0003757883488978986
2024-08-10,0.07479182625585662,0.07698794669231347,-0.002920231185437733,0.0007241107489808774
2024-08-11,0.07999034879650582,0.07704873732093608,0.0035227861147099204,-0.0005811746391401751
2024-08-12,0.07803775702098595,0.07708729815213576,0.0023163020015859155,-0.0013658431327357307
2024-08-13,0.07318912087932458,0.0769995915976887,-0.004244353233702178,0.00043388251533806044
2024-08-14,0.07896743842987622,0.07693130833407234,0.00018032514975707778,0.001855804946046799
2024-08-15,0.08152337516310243,0.07700226510033946,0.0018099999698588688,0.0027111100929041038
2024-08-16,0.07336008430263846,0.07718940365779499,-0.0002882973842781539,-0.003541021970878369
2024-08-17,0.07047473722567096,0.07725808356592813,-0.004082819894693822,-0.002700526445563345
2024-08-18,0.08025341412236524,0.07723112459580035,0.004453140519960405,-0.001430850993395516
2024-08-19,0.08596984282011955,0.07717253104563328,0.00237852590465475,0.0064187858698315226
2024-08-20,0.05866666603570424,0.07710608391832101,-0.0036913027488970607,-0.014748115133719708
2024-08-21,0.0904438085342251,0.0770458066441578,0.0010698160407605988,0.012328185849306686
2024-08-22,0.07117453654510028,0.07701919936832667,-0.002552780543109226,-0.0032918822801171616
2024-08-23,0.08188965105170948,0.0768241889486665,0.0020728801486540075,0.0029925819543889787
2024-08-24,0.0717755517561826,0.07630058660351809,-0.005059520315819703,0.000534485468484211
2024-08-25,0.08234652819760743,0.07578236050325195,0.005908619934819146,0.0006555477595363429
2024-08-26,0.07127091080633399,0.07564126446162364,0.0023047147423626816,-0.006675068397652334
2024-08-27,0.07337377178190821,0.07562676350769064,-0.002421947912852708,0.00016895618707027382
2024-08-28,0.07552307680920119,0.07565226810879136,0.001887682290299494,-0.0020168735898896673
2024-08-29,0.08428745385465376,0.07561228671935798,-0.006364265729989251,0.015039432865285043
2024-08-30,0.08275116299913965,0.0756589089566804,0.003186962051025421,0.003905291991433829
2024-08-31,0.07050619537731416,0.07581026672579659,-0.004998706351940367,-0.0003053649965420596
2024-09-01,0.07011461933958398,0.07592453079415465,0.007117389300873561,-0.012927300755444238
2024-09-02,0.08013024712811577,0.07588426839702105,0.0012293339929644945,0.0030166447381302225
2024-09-03,0.0715741241313905,0.07573736031671997,-0.00024302459566593183,-0.003920211589663547
2024-09-04,0.07897452215601107,0.07556228386132832,0.0010208004770754133,0.002391437817607339
2024-09-05,0.06638144349312308,0.07555186602102172,-0.008720364721734968,-0.0004500578061636673
2024-09-06,0.07498130701129077,0.07567553498371944,0.003640545836667557,-0.0043347738090962346
2024-09-07,0.07079458930876595,0.07569730806172321,-0.0038049213768576932,-0.0010977973760995796
2024-09-08,0.0868565756542933,0.07555896802982462,0.007211471284234597,0.004086136340234095
2024-09-09,0.07504395783779165,0.07532095746582494,-0.00016135804040319631,-0.00011564158763009702
2024-09-10,0.08374093118727385,0.07500225957333681,0.002012091622889983,0.00672657999104706
2024-09-11,0.07492590590919615,0.07463345359185872,-0.0006278835289236791,0.0009203358462611111
2024-09-12,0.06250915652534642,0.07411285415175675,-0.008719218702419679,-0.0028844789239906576
2024-09-13,0.0770878805764139,0.0734697279977763,0.0027797446156249627,0.0008384079630126273
2024-09-14,0.06901834890061213,0.07295476990873354,-0.0014365261836799682,-0.0024998948244414343
2024-09-15,0.07772258856101465,0.07270230418528444,0.005865208082702416,-0.0008449237069722004
2024-09-16,0.08887195510827595,0.07269403678251356,-0.0009206648255233523,0.017098583151285734
2024-09-17,0.07597835860462895,0.0728450314249742,0.004128077095212023,-0.000994749915557272
2024-09-18,0.0672373209829418,0.07302431071737907,-0.0024933704966044663,-0.0032936192378328066
2024-09-19,0.06877040021787886,0.07323663980903677,-0.007010369739191177,0.0025441301480332718
2024-09-20,0.07759828910138332,0.07355884216658964,0.002031520426169642,0.002007926508624039
2024-09-21,0.07713661446716882,0.07388510406105177,0.0014294965421059213,0.0018220138640111377
2024-09-22,0.07605154667287461,0.07416712312434925,0.002284858668620889,-0.0004004351200955353
2024-09-23,0.06875608884460992,0.07442269689839204,-0.000759649885190129,-0.0049069581685919905
2024-09-24,0.07980704299488622,0.0746135349803057,0.004028890420219256,0.0011646175943612613
2024-09-25,0.07296988771199003,0.07481588998198829,-0.003998682792148469,0.002152680522150216
2024-09-26,0.06747438918771609,0.07510277234614937,-0.004606378888549771,-0.003022004269883513
2024-09-27,0.07637483667324017,0.07531409189690369,0.0015594720729988564,-0.0004987272966623796
2024-09-28,0.08202275112307506,0.07534643318802434,0.003837418757982044,0.002838899177068671
2024-09-29,0.07443680551308586,0.07508444437523319,-0.00036060822514852775,-0.0002870306369988085
2024-09-30,0.07983622425233204,0.07462020229525909,-9.98848118860051e-05,0.005315906768958961
2024-10-01,0.06293585530345625,0.07410234147612486,0.0025204364519876943,-0.01368692262465631
2024-10-02,0.06597953155053927,0.07353273524441233,-0.004311989505293337,-0.0032412141885797136
2024-10-03,0.07521712799362457,0.07289619409912729,-0.0030482989790446215,0.005369232873541907
2024-10-04,0.06887446686626901,0.07235755495055227,0.0015708884731898082,-0.005053976557473069
2024-10-05,0.07515963220391357,0.0718936879197344,0.004263410029913643,-0.0009974657457344632
2024-10-06,0.08928409836464858,0.07166323766070772,-0.0016075345883074636,0.019228395292248332
2024-10-07,0.07274238365742772,0.0717072979718883,0.0013811227933479165,-0.00034603710780849173
2024-10-08,0.08889931872850519,0.07176521433356209,0.0009452079688680004,0.0161888964260751
2024-10-09,0.06991507574600898,0.07183967542270724,-0.004427406592377289,0.002502806915679043
2024-10-10,0.06325411320522886,0.07205058422712642,-0.0012381980860081464,-0.007558272935889412
2024-10-11,0.07730554928097504,0.07216672913135123,0.002657833751240795,0.0024809863983830116
2024-10-12,0.07819273274644552,0.07224380967757178,0.0029632736374747264,0.0029856494313990067
2024-10-13,0.06739360736410711,0.07239114131096286,-0.002284063294481958,-0.0027134706523737895
2024-10-14,0.0732169040130701,0.07257360565006035,0.0015637838820181632,-0.0009204855190084182
2024-10-15,0.0720269927987415,0.07292084297055862,-0.0013417583007714986,0.0004479081289543857
2024-10-16,0.06560865275060714,0.07342794366940664,-0.0030401223624666523,-0.004779168556332855
2024-10-17,0.07828357894808573,0.07393325415696599,-0.0002600740757068862,0.004610398866826626
2024-10-18,0.06249214241684266,0.07448313374402658,0.003812125445436856,-0.01580311677262078
2024-10-19,0.07187368216372747,0.07502499439257908,0.001876246815728678,-0.005027559044580285
2024-10-20,0.07719583730719141,0.07549872858898751,-0.0031636822626059003,0.004860790980809798
2024-10-21,0.07858087451670417,0.07592482434587901,0.0011257814914067761,0.001530268679418384
2024-10-22,0.07347382601063353,0.07619324469720948,-0.00193328032377567,-0.0007861383628002816
2024-10-23,0.07659772138182876,0.07619997669037583,-0.0018013551924601695,0.0021990998839130915
2024-10-24,0.07375287039060366,0.07611665941556472,0.0008510429172792285,-0.003214831942240301
2024-10-25,0.08125126391336587,0.0760046839116066,0.004384922002998986,0.0008616579987602846
2024-10-26,0.07916206810420323,0.07599218189502699,0.0006297931315860546,0.0025400930775901914
2024-10-27,0.06992810787927395,0.07605409812968761,-0.0036493281976731533,-0.002476662052740511
2024-10-28,0.07434545827303385,0.07601288805408137,0.002097359187515108,-0.003764788968562624
2024-10-29,0.07503549856838426,0.0759300253710094,-0.0035388959072935222,0.0026443691046683787
2024-10-30,0.09163738915125019,0.07591614755799653,-0.00032691003887843695,0.016048151632132107
2024-10-31,0.08091756774577552,0.07594397165440037,0.0006900816540775725,0.004283514437297575
2024-11-01,0.0782318097953412,0.07612338170209287,0.004101009779957766,-0.0019925816867094465
2024-11-02,0.07431963919627083,0.07643871906248345,0.0010837997820562243,-0.003202879648268847
2024-11-03,0.0720373921198244,0.076774916997297,-0.004451076209673817,-0.0002864486677987693
2024-11-04,0.08101831664571355,0.07721863816423069,0.003083622198178481,0.0007160562833043727
2024-11-05,0.06996968485882926,0.07788356815809816,-0.0040421081280985335,-0.0038717751711703635
2024-11-06,0.07966946767290436,0.07868884940087349,-3.7691942895295264e-05,0.0010183102149261686
2024-11-07,0.0787649823423743,0.07954235490387736,-0.0006407023302126209,-0.00013667023129043665
2024-11-08,0.0865626451415493,0.0803036759447283,0.0036187376285926453,0.002640231568228346
2024-11-09,0.08384731662525824,0.08081068154552125,0.002173886784357215,0.0008627482953797727
2024-11-10,0.07697886617373041,0.08098143164737784,-0.0030894977788644452,-0.0009130676947829847
2024-11-11,0.0902619445023603,0.08092650353814358,0.0029999174899193737,0.006335523474297347
2024-11-12,0.07609808334133714,0.08069245005535018,-0.003993071352681474,-0.0006012953613315775
2024-11-13,0.06704381054542378,0.08028772572750104,-0.000339063996713652,-0.012904851185363594
2024-11-14,0.07820473671474296,0.07977845998564811,-0.00306303694403991,0.0014893136731347484
2024-11-15,0.08036022151684875,0.07922036583867707,0.0034092266688879286,-0.002269370990716252
2024-11-16,0.08230859823647244,0.07859058435985113,0.002938907252820991,0.0007791066238003186
2024-11-17,0.09437553653197453,0.07808679567821926,-0.0016411880440075329,0.017929928897762806
2024-11-18,0.07891588697824505,0.07792496429894882,0.0017631442970682861,-0.0007722216177720592
2024-11-19,0.07650025987840993,0.07800089124959905,-0.00030744124972728934,-0.0011931901214618373
2024-11-20,0.07676846191567123,0.07810971610043797,-0.0007863786932590254,-0.0005548754915077198
2024-11-21,0.06694623574949823,0.07826076448342065,-0.004904051570604173,-0.006410477163318246
2024-11-22,0.08366534653819307,0.07840720675306491,0.002084958729819339,0.003173181055308824
2024-11-23,0.08417870988837844,0.07849620276697392,0.00223398008119522,0.003448527040209315
2024-11-24,0.08052481636161354,0.07849518661622251,-0.00024291681434546804,0.0022725465597364936
2024-11-25,0.07627192283082322,0.07835531116106664,-0.0006161738658141851,-0.0014672144644292395
2024-11-26,0.06853857148730416,0.07797096945005011,0.004017257982671195,-0.013449655945417138
2024-11-27,0.07740257994315454,0.07730596733143097,-0.00109329828167357,0.0011899108933971364
2024-11-28,0.07280335397013656,0.07648539954838114,-0.0045165667448499895,0.0008345211666054009
2024-11-29,0.07624078048824913,0.0757008377791426,-7.609776689239208e-05,0.0006160404759989191
2024-11-30,0.07469260755486584,0.07499364489043597,0.0008873136236661933,-0.00118835095923632
2024-12-01,0.07324109707478062,0.07414600880448438,7.8213603173902e-05,-0.0009831253328776712
2024-12-02,0.07033825642413256,0.07304271641478718,-0.0014632854844426953,-0.0012411745062119312
2024-12-03,0.08395920868072701,0.07189211899538178,0.00785786364768696,0.004209226037658276
2024-12-04,0.09718384617217567,0.07097483061753969,-0.001844924118212495,0.02805393967284847
2024-12-05,0.08295520905547543,0.07048000224721238,-0.0035227004744459375,0.015997907282709
2024-12-06,0.06659812066383941,0.07030774431247641,-0.00203926877931164,-0.0016703548693253606
2024-12-07,0.06524145742376068,0.07013539430864765,-0.0001128956545820875,-0.004781041230304886
2024-12-08,0.09874252348345375,0.0699140428805941,-0.00118566583467748,0.030014146437537137
2024-12-09,0.06754632285868259,0.07041575872162868,7.144911681101899e-05,-0.0029408849797571135
2024-12-10,0.08073948578157997,0.07189310263259995,0.009552379279146274,-0.0007059961301662532
2024-12-11,0.07075631173226388,0.07359084451779999,-0.002708371264468085,-0.0001261615210680217
2024-12-12,0.0748339806417299,0.07529767726985599,-0.002751579042265927,0.0022878824141398385
2024-12-13,0.06301745353413962,0.07678910398563106,-0.0018191896943679751,-0.01195246075712346
2024-12-14,0.08459593312744212,0.07776705844100468,-5.677849200119031e-05,0.006885653178438644
2024-12-15,0.0771174461330151,0.07833751572018739,-0.0019339357760794612,0.0007138661889071751
2024-12-16,0.08393176595678024,0.07854751817529415,0.0018884170163254463,0.0034958307651606485
2024-12-17,0.09226366809479451,0.07830980843633735,0.005945088590282816,0.008008771068174353
2024-12-18,0.07319244008320613,0.07765416634615774,-0.003510795850195189,-0.000950930412756415
2024-12-19,0.07247950690914526,0.07683630119790691,-0.002799246321672203,-0.0015575479670894427
2024-12-20,0.07439126783243764,0.07616248270858043,-0.00010757439069115217,-0.0016636404854516451
2024-12-21,0.07025247521327166,0.0756836667198917,0.002003163736988194,-0.007434355243608234
2024-12-22,0.07134776502298061,0.07548594711068783,-0.0018546327315915835,-0.002283549356115633
2024-12-23,0.08142438729046539,0.07567549152542624,0.002726326184520218,0.0030225695805189273
2024-12-24,0.07515845162213061,0.0761357043606862,0.0028098993734142624,-0.003787152111969852
2024-12-25,0.07566285072694467,0.07668883873847657,-0.005145940961705829,0.004119952950173936
2024-12-26,0.07243030422884607,0.07721608895402889,-0.0023887185510783316,-0.002397066174104484
2024-12-27,0.0831523175523494,0.07746187985323334,0.002503412128837999,0.003187025570278071
2024-12-28,0.0831562421770784,0.07748060226825261,0.002958820486498096,0.002716819422327696
2024-12-29,0.07696458967970347,0.07749015525977182,-0.0016163095332476236,0.0010907439531792767
2024-12-30,0.07693220433367136,0.07750695488494788,0.001952493617614501,-0.002527244168891024
2024-12-31,0.06429532461310139,0.07750445774050134,0.00069111316554349,-0.013900246292943438
2025-01-01,0.0677476187232044,0.07745435001092583,-0.006645591483538348,-0.0030611398041830856
2025-01-02,0.07663571627659416,0.07715856027834445,-0.0007206716255233916,0.00019782762377310026
2025-01-03,0.08298654897864367,0.07670631124074977,0.0035605293662167173,0.0027197083716771903
2025-01-04,0.06453360250860041,0.07634653061872289,0.004522873065923065,-0.016335801176045543
2025-01-05,0.07753137102177865,0.07601675217816935,-0.0019416016580176825,0.003456220501626986
2025-01-06,0.06118291351199225,0.0755755401130706,0.00013058524432001123,-0.014523211845398364
2025-01-07,0.07280601400931336,0.07501269070769033,-1.562298156446741e-05,-0.0021910537168125105
2025-01-08,0.06605585199820085,0.07431685529894283,-0.0070382224774582485,-0.0012227808232837256
2025-01-09,0.07618720538569657,0.07368586418933545,0.0010712054899255942,0.0014301357064355202
2025-01-10,0.07445024405515319,0.07344049268798704,0.0034226457761990492,-0.0024128944090329035
2025-01-11,0.0778733134266704,0.07355259648341093,0.005246644363280364,-0.0009259274200208861
2025-01-12,0.06536875269657111,0.07392279795820057,-0.003039786274287435,-0.005514258987342036
2025-01-13,0.07486878667560058,0.07447343148080564,-0.001320880904499209,0.0017162360992941522
2025-01-14,0.07992290013762325,0.07519950167270627,0.0007655586927398618,0.003957839772177119
2025-01-15,0.06559400511558976,0.07592350141222907,-0.004451418918118776,-0.005878077378520544
2025-01-16,0.07986412157932164,0.0764368014485708,0.0013410261635711787,0.0020862939671796588
2025-01-17,0.07840237262965252,0.07664217000602477,0.0025535352084091454,-0.0007933325847813977
2025-01-18,0.085898158988787,0.0766330537346636,0.00359778479748648,0.005667320456636912
2025-01-19,0.07836815562002526,0.0765474354017775,-0.005223450854483669,0.007044171072731434
2025-01-20,0.07102577539516146,0.07631695649943497,-0.001814310698592358,-0.0034768704056811484
2025-01-21,0.06886600268547242,0.07584316442330179,0.0023251843443011936,-0.009302346082130555
2025-01-22,0.07819899117137893,0.07520573921460103,0.0007412604413465405,0.002251991515431373
2025-01-23,0.0749008824665296,0.07461591047832879,0.0007352483622088275,-0.00045027637400801845
2025-01-24,0.0794864947765071,0.07420475732828577,0.0010138850202016793,0.00426785242801965
2025-01-25,0.06995655075820538,0.07405740153337757,0.002129505202995246,-0.006230355978167443
2025-01-26,0.06268631534867833,0.0740310403849908,-0.006271611321710222,-0.005073113714602243
2025-01-27,0.07494999801664623,0.07404413004859987,-0.001247904540282946,0.0021537725083293074
2025-01-28,0.08073520325072807,0.07415139638800712,0.0037824582010696313,0.0028013486616513122
2025-01-29,0.09588294992377491,0.07433307756835397,0.0014365682210353593,0.020113304134385585
2025-01-30,0.07177173383818398,0.07452584310813642,0.0010633636985717088,-0.003817472968524152
2025-01-31,0.07465135967093468,0.0747300307415009,-0.001301101963594378,0.0012224308930281619
2025-02-01,0.07615676633283014,0.07487838699560896,0.0005983009194848605,0.0006800784177363184
2025-02-02,0.07234705192742474,0.07495143473538335,-0.008344070633766663,0.005739687825808054
2025-02-03,0.06945728934543435,0.07508150776104147,0.0018831949235504463,-0.007507413339157568
2025-02-04,0.0780287460355734,0.07518362528221917,0.006508535224646505,-0.003663414471292273
2025-02-05,0.08723143782494382,0.07523193837516451,0.0011974084592255398,0.010802090990553764
2025-02-06,0.07985243927309872,0.07525084683158338,0.0011693730068593141,0.0034322194346560198
2025-02-07,0.06792584166961539,0.07531465985633287,-0.0030150858345607268,-0.004373732352156753
2025-02-08,0.07675515097453399,0.07548896385915559,-0.0008361322090509462,0.0021023193244293498
2025-02-09,0.06256243837912055,0.07569248167306689,-0.010576428276654351,-0.0025536150172919825
2025-02-10,0.08186618957061918,0.07582537687241005,0.005278970226566608,0.0007618424716425293
2025-02-11,0.08717231584198136,0.0760668819568061,0.008562383641692012,0.0025430502434832525
2025-02-12,0.07137707779541151,0.0766020097448562,0.00018916866051060398,-0.0054141006099553
2025-02-13,0.0791357392359675,0.07735606753947805,0.0019875033276965247,-0.00020783163120706438
2025-02-14,0.09368895707566549,0.07804619189970317,-0.0038549537473401884,0.0194977189233025
2025-02-15,0.07585710969493571,0.07852236332426389,-0.002660663687759156,-4.589941569030365e-06
2025-02-16,0.0666251587457094,0.07882442719162532,-0.01069165963507211,-0.0015076088108438024
2025-02-17,0.0945976187545329,0.07903824690572527,0.007373593465478899,0.008185778383328735
2025-02-18,0.09240691998161908,0.07903774521399937,0.008312012749015132,0.00505716201860458
2025-02-19,0.07774005888910128,0.07877753865879851,-0.0020888867237589042,0.0010514069540616677
2025-02-20,0.07865530956452411,0.0784956473159005,0.002963510021518943,-0.0028038477728953293
2025-02-21,0.07553373828914994,0.07814675141846428,-0.0022992468492442114,-0.00031376628007012686
2025-02-22,0.06285451165229364,0.0776852402139846,-0.003706669563449473,-0.011124058998241482
2025-02-23,0.05742581929976161,0.0772053661240307,-0.008550513643338203,-0.011229033180930895
2025-02-24,0.08591531801135796,0.0769858712919633,0.00568992917631766,0.0032395175430769974
2025-02-25,0.08385947551965944,0.07710734500896281,0.005086002433917021,0.0016661280767796133
2025-02-26,0.0721602655481044,0.07736412708219534,-0.00039185173609163136,-0.0048120097979993115
2025-02-27,0.08297068458791379,0.07753259032910265,0.0038667706740958953,0.001571323584715248
2025-02-28,0.11033899036361175,0.07767078980435978,-0.0006169573324493991,0.033285157891701375
2025-03-01,0.07339171890564147,0.07789260212826488,-0.004139057996927205,-0.000361825225696194
2025-03-02,0.07750497334251613,0.07825678657842493,-0.005412922017781013,0.004661108781872217
2025-03-03,0.0717423877317492,0.07876535263201628,0.001880492238365326,-0.008903457138632415
2025-03-04,0.0746942965621134,0.07914739255179618,0.0014727532463143385,-0.005925849235997108
2025-03-05,0.08387029848046983,0.07918412453012318,0.0014714870694851302,0.003214686880861517
2025-03-06,0.08500637178258666,0.07900281412439927,0.0046307395761489385,0.0013728180820384434
2025-03-07,0.08266422993550016,0.07882361397463838,-5.037941825037325e-05,0.0038909953791121388
2025-03-08,0.08426491911177428,0.07866964069841649,-0.004056955577002243,0.009652233990360026
2025-03-09,0.07196247677846902,0.07835400792514496,-0.0010538459508341155,-0.005337685195841824
2025-03-10,0.07600743529929141,0.07772395142040096,-0.0022104691812254726,0.0004939530601159176
2025-03-11,0.07336510544414247,0.07692998399078146,-0.0006822371996251817,-0.002882641347013812
2025-03-12,0.0817316182266726,0.07624999827239295,0.0027054482540338786,0.002776171700245772
2025-03-13,0.0816319217627099,0.07592958736528725,0.004175016780014702,0.0015273176174079445
2025-03-14,0.06975905879744224,0.07567822610476878,0.00024294256102718785,-0.006162109868353735
2025-03-15,0.06903348936940082,0.07522850706517256,-0.003727534947051506,-0.0024674827487202317
2025-03-16,0.08256511479513631,0.07483288483816111,0.0009029590918987684,0.0068292708650764256
2025-03-17,0.08780525098093982,0.07464758420259746,-0.0030048514210571802,0.01616251819939954
2025-03-18,0.07672298768982497,0.07460252330925697,-0.0010756658768695923,0.0031961302574375905
2025-03-19,0.07160673082757599,0.07462746864718109,0.003657473879540692,-0.0066782116991458
2025-03-20,0.07111857054898083,0.07462883828849065,0.0037059504841686847,-0.007216218223678517
2025-03-21,0.07857853175756471,0.07448080044300134,-0.0017881110204000718,0.005885842334963434
2025-03-22,0.07022131140465904,0.07448491284371449,-0.003909240406022164,-0.0003543610330332819
2025-03-23,0.07816648351070307,0.07478932952270788,0.00144814452864487,0.001929009459350317
2025-03-24,0.06843790794009867,0.07513272825277557,-0.0013239065674289518,-0.005370913745247952
2025-03-25,0.07477877762447686,0.0753919151628459,-0.0007237409813324666,0.00011060344296343061
2025-03-26,0.0814094855851404,0.0755066647580823,0.004027822052416589,0.0018749987746415064
2025-03-27,0.08365686999284988,0.07549281449927742,0.002549139115054078,0.005614916378518381
2025-03-28,0.07023698759483461,0.07537011994361642,-0.0018747618670032485,-0.003258370481778558
2025-03-29,0.07203415195002624,0.07498955608765172,-0.003053480163061498,9.80760254360169e-05
2025-03-30,0.07449606997559187,0.07429729736179762,-0.0008322565030357512,0.0010310291168300068
2025-03-31,0.07927150362542405,0.07337720641798377,-0.0011257420913495196,0.007020039298789804
2025-04-01,0.07108659137069588,0.07237989593679803,-0.0007735319678245771,-0.0005197725982775681
2025-04-02,0.07661310199206936,0.07137616595612636,0.0051311035863565915,0.00010583244958640992
2025-04-03,0.07102663981785473,0.0704077027075679,0.0025735523165370715,-0.001954615206250232
2025-04-04,0.06518951222328671,0.06959537428461429,-0.0009628294562471961,-0.0034430326050803872
2025-04-05,0.06810620539238867,0.06904548825624922,-0.002051779017648398,0.001112496153787848
2025-04-06,0.06254382774210257,0.06883787478993789,-0.0047536395762694675,-0.0015404074715658495
2025-04-07,0.08641805133563638,0.06886511761706059,2.9016954325242394e-05,0.017523916764250552
2025-04-08,0.06534260295218576,0.06902636653010379,-0.00019142618692091475,-0.003492337390997108
2025-04-09,0.07677414913741415,0.06927571468460925,0.004758094873342845,0.002740339579462056
2025-04-10,0.07026105776120141,0.06968820121990349,0.0025050170909096513,-0.0019321605496117333
2025-04-11,0.0753060724304415,0.0702665723630481,0.000547188897607057,0.004492311169786337
2025-04-12,0.06767241430260425,0.07105380891251348,-0.0007478008314367288,-0.0026335937784724983
2025-04-13,0.08062020832065175,0.07187298490138355,-0.007535240645174812,0.016282464064443017
2025-04-14,0.06885337611146304,0.07263885563370061,0.000523901759049903,-0.0043093812812874666
2025-04-15,0.07765579662895718,0.07334459383735502,0.00032000861842956666,0.003991194173172591
2025-04-16,0.07601278570051388,0.07417135190851117,0.003660614473102816,-0.0018191806811000966
2025-04-17,0.07993349342936347,0.0750755450958639,0.0014240739363283546,0.003433874397171216
2025-04-18,0.07699801000965212,0.07597107934584384,0.0036594449850883464,-0.0026325143212800606
2025-04-19,0.08853089729506883,0.07666665707732698,0.00046852790844907383,0.011395712309292774
2025-04-20,0.06566880081054194,0.07705135294648836,-0.009364094965078644,-0.0020184571708677795
2025-04-21,0.0830760394087099,0.07715061810941444,-0.0006049280991500881,0.006530349398445545
2025-04-22,0.07840061172381944,0.07713861298974635,0.0001554606654110366,0.0011065380686620524
2025-04-23,0.07914752123007122,0.07700182238863472,0.0024436105992987392,-0.00029791175786222923
2025-04-24,0.10009079482563646,0.0767277201052292,0.0005822012548614872,0.022780873465545776
2025-04-25,0.0823243728360553,0.07628383834931168,0.0062539716583932545,-0.00021343717164963583
2025-04-26,0.07680174053181102,0.07577509462854023,0.0019239174407536498,-0.0008972715374828688
2025-04-27,0.06655399061785038,0.07530825992417926,-0.008704620143125754,-4.96491632031304e-05
2025-04-28,0.07261683274720941,0.07505243169281613,-0.0011766638241100537,-0.0012589351214966626
2025-04-29,0.07399847414397431,0.07501509296120071,-0.0017195809498365322,0.0007029621326101326
2025-04-30,0.07642914996089521,0.07510526914712584,0.0017056940511863497,-0.0003818132374169836
2025-05-01,0.07129540026027414,0.0751339098342861,-0.000443415762705688,-0.00339509381130626
2025-05-02,0.08512041379196313,0.07516083903056282,0.0077258697051632835,0.0022337050562370175
2025-05-03,0.07920819001413182,0.07531669415541237,0.002529088108730568,0.0013624077499888865
2025-05-04,0.08777160730882251,0.07562110714950897,-0.005200069481737178,0.017350569641050723
2025-05-05,0.07368313832831398,0.07592186458686737,-0.0028742311581271833,0.0006355048995737994
2025-05-06,0.06707580010242883,0.07607713448328642,-0.003211440615874581,-0.005789893764982998
2025-05-07,0.07822873716553327,0.07599574309823322,0.0010103986558162666,0.0012225954114837845
2025-05-08,0.07640270957536184,0.07574048371840607,-0.0010485579892187855,0.0017107838461745545
2025-05-09,0.08778337316199702,0.07547204447299476,0.007140693766066773,0.005170634922935499
2025-05-10,0.07788653229756727,0.075180612903314,0.0025077181571480063,0.00019820123710526105
2025-05-11,0.07148446739049473,0.07476632710847919,-0.0017104637377651827,-0.001571395980219284
2025-05-12,0.0672229455075099,0.07418239542529509,-0.00409100622707688,-0.0028684436907083083
2025-05-13,0.0718424975688995,0.07359995306566487,-0.0035038056038687545,0.0017463501071033893
2025-05-14,0.0736126674043697,0.07326058557846793,-0.0004829276167086745,0.000835009442610446
2025-05-15,0.07181351438282732,0.07321782265931676,0.0004099493031592385,-0.001814257579648676
2025-05-16,0.07519518876281016,0.07341418199962249,0.0051522371836742985,-0.0033712304204866345
2025-05-17,0.07308023814278107,0.0737649728735279,0.0033176787665145663,-0.004002413497261395
2025-05-18,0.07988636329244025,0.07415463327017743,0.0005851787897686343,0.00514655123249419
2025-05-19,0.07107587241264408,0.07461831528807454,-0.00459624887095879,0.0010538059955283313
2025-05-20,0.0879073764139388,0.07518148130480319,-0.0030379823725019774,0.015763877481637587
2025-05-21,0.07180552384991884,0.07575045180904923,-0.0015986166850285905,-0.0023463112741018005
2025-05-22,0.08131240370114454,0.07615439338110778,0.0010300827215213538,0.0041279275985153935
2025-05-23,0.07777545021764413,0.07627296609625775,0.0031176333371949073,-0.0016151492158085201
2025-05-24,0.08226405664264361,0.07613082346017706,0.003823631387742296,0.002309601794724253
2025-05-25,0.0772918098500011,0.07594236727591551,0.0006743807731338356,0.0006750618009517539
2025-05-26,0.07090754412232562,0.07581649516785988,-0.00431034613963095,-0.0005986049059032994
2025-05-27,0.07337671196007663,0.07578036856463626,-0.0022199167599005034,-0.00018373984465912263
2025-05-28,0.07268877787594914,0.07578217506571708,-0.0020046674057417856,-0.0010887297840261462
2025-05-29,0.07330565038578313,0.07579656410865226,0.001682415779560219,-0.0041733295024293515
2025-05-30,0.07850061804145214,0.0758253993659674,0.0029580645815398057,-0.0002828459060550542
2025-05-31,0.08408027335449371,0.07599245963795269,0.003335423951086321,0.004752389765454695
2025-06-01,0.0756521054979164,0.07629687658556768,-0.0003969774603353243,-0.0002477936273159592
2025-06-02,0.07335443829419952,0.07645670002344512,-0.0037790145196987344,0.0006767527904531362
2025-06-03,0.07312264728722491,0.07617201567372858,-0.0017489812818586319,-0.0013003871046450427
2025-06-04,0.07546546774145502,0.07545162458220593,-0.0012614271126325403,0.0012752702718816233
2025-06-05,0.08018663347772872,0.07471899614383064,0.0011940468818370437,0.004273590452061049
2025-06-06,0.08705922738461265,0.07412607436560803,0.0023969173820851007,0.010536235636919522
2025-06-07,0.0708039579594621,0.07364170919158534,0.0030699925822491223,-0.005907743814372368
2025-06-08,0.06272991631084161,0.07313042971077137,-0.0007075549833644497,-0.009692958416565312
2025-06-09,0.06758203803199171,0.07255803399643417,-0.003462194697331799,-0.0015138012671106482
2025-06-10,0.07309975433017493,0.07221636988197319,-0.0011374856877147687,0.002020870135916508
2025-06-11,0.07101007632675492,0.07254041353411837,-0.0004995737595721564,-0.0010307634477912941
2025-06-12,0.07237314982432982,0.07343116929249247,0.0009846790017849394,-0.0020426984699475764
2025-06-13,0.07529816704991688,0.074444544314254,0.0017554726765964608,-0.0009018499409335912
2025-06-14,0.09558228856176085,0.07529321030996107,0.002781173486310335,0.01750790476548944
2025-06-15,0.07753168970581681,0.07593424085100776,-0.0005715518151837405,0.0021690006699927877
2025-06-16,0.07606106258512986,0.076518737258912,-0.0031725245209684753,0.0027148498471863264
2025-06-17,0.07541617201665801,0.07706838477187024,-0.0011400742236957388,-0.0005121385315164928
2025-06-18,0.08000679163498307,0.07737380075978381,-0.0003835848997727643,0.0030165757749720246
2025-06-19,0.0775808478871374,0.07735102516850231,0.0005814295972494523,-0.0003516068786143661
2025-06-20,0.07568909234448594,0.07712771174022795,0.0009801784507206168,-0.0024187978464626225
2025-06-21,0.08131120606136635,0.07695877219840268,0.0028726734810033895,0.0014797603819602795
2025-06-22,0.07711101312834288,0.07694257836364694,0.0002956834686999181,-0.0001272487040039766
2025-06-23,0.07016697984793795,0.07711936547359757,-0.0022124328213653415,-0.0047399528042942896
2025-06-24,0.07801804891767274,0.07747608148365201,-0.0024369268078955173,0.0029788942419162467
2025-06-25,0.07250790367861666,0.07800910309629343,0.0002889292277588069,-0.005790128645435572
2025-06-26,0.07988553836373066,0.07850827825392252,-0.00011257419394797209,0.001489834303756113
2025-06-27,0.07990745828325851,0.07888742282587287,0.0016911617856128788,-0.0006711263282272312
2025-06-28,0.08478620183192222,0.07914572689828916,0.0027622486885172993,0.0028782262451157586
2025-06-29,0.08106167231795966,0.07928031553966078,0.00029769840486331057,0.001483658373435573
2025-06-30,0.08577762554610929,0.0791759139160022,-0.0023322562496098705,0.008933967879716953
2025-07-01,0.07010548909292703,0.07881785807351405,-0.0029733159189608747,-0.005739053061626143
2025-07-02,0.08193223945399856,0.07820672741919384,0.0007070930875997393,0.00301841894720499
2025-07-03,0.07682973919269204,0.07748682723073462,6.203530551658165e-05,-0.0007191233435591693
2025-07-04,0.0825698538175881,0.07672026441656804,0.0030459058732074224,0.002803683527812642
2025-07-05,0.07339844514889615,0.07601001053511384,0.0002671015743446148,-0.002878666960562312
2025-07-06,0.07340282351361334,0.07542301011418581,0.00028608288900449226,-0.002306269489576962
2025-07-07,0.07249941463867143,0.07500954984611773,-0.0012876148378600145,-0.001222520369586283
2025-07-08,0.07264925534466893,0.07475881038086654,-0.0038438228055736744,0.0017342677693760605
2025-07-09,0.07586822545158668,0.07473733385187632,0.001516761291368934,-0.00038586969165857465
2025-07-10,0.07276990369883049,0.07494755186584773,0.0006153580695521159,-0.002793006236569348
2025-07-11,0.07818449976056809,0.07535449236142101,0.004292208481452328,-0.0014622010823052561
2025-07-12,0.07566439174888853,0.07588288465675436,-0.0022553811311878786,0.002036888223322056
2025-07-13,0.08696863845869236,0.07643145640546298,-0.0006771736147839546,0.011214355668013334
2025-07-14,0.07226776674055473,0.0768890304504678,0.0008022569838401301,-0.005423520693753209
2025-07-15,0.07464602887385494,0.07726495877613351,-0.003809227644517495,0.001190297742238916
2025-07-16,0.07992246584821398,0.07755348877926661,0.0007340191329020608,0.0016349579360453032
2025-07-17,0.08210565251134036,0.07764710998418616,0.0013771899000226634,0.0030813526271315367
2025-07-18,0.08321910725959261,0.07760592320989314,0.0037160979214337394,0.0018970861282657375
2025-07-19,0.06855876439001368,0.0774997689830388,-0.0033582388923365657,-0.005582765700688552
2025-07-20,0.07590850232173323,0.07738206037473302,-0.001003700746133214,-0.0004698573068665779
2025-07-21,0.08386671947444908,0.07723312533207934,0.003215622977122409,0.0034179711652473355
2025-07-22,0.06883248139023158,0.0770654881128449,-0.0027172785980313467,-0.005515728124581967
2025-07-23,0.07721176034882649,0.07697073549974034,-0.0017952714751888928,0.0020362963242750304
2025-07-24,0.07789870763386961,0.07696379833376332,0.003390921572517246,-0.0024560122724109623
2025-07-25,0.08103655126635129,0.07688812972591555,0.0018211438453982175,0.0023272776950375162
2025-07-26,0.07567065849640109,0.07666090613635425,-0.004665914465934433,0.0036756668259812775
2025-07-27,0.07171905806335532,0.07635164385137756,-0.0006754016109797298,-0.003957184177042508
2025-07-28,0.0832830890373455,0.07609581528860837,0.005044097803432804,0.002143175945304332
2025-07-29,0.07587938293548963,0.07600189207715441,-0.0016943663590459424,0.0015718572173811646
2025-07-30,0.06470540679787894,0.07613416835496713,-0.003388636859244,-0.008040124697844195
2025-07-31,0.08073352604714498,0.07637706312830997,0.005123691828452465,-0.0007672289096174456
2025-08-01,0.0725515704062527,0.07666815822450017,0.0008618898977807413,-0.004978477716028218
2025-08-02,0.0713024479124997,0.07700403052905576,-0.0055456363161030435,-0.00015594630045301372
2025-08-03,0.08324760268919237,0.077251131211753,-0.0007886656060217611,0.0067851370834611235
2025-08-04,0.08420193494830674,0.07741667043611439,0.004079810767875003,0.0027054537443173543
2025-08-05,0.07885537624587431,0.07741858660393713,-0.00043975617753562305,0.0018765458194728024
2025-08-06,0.07205537121633161,0.0771247899453333,-0.0038050110292491453,-0.0012644076997525427
2025-08-07,0.08878507082411478,0.07658942502455031,0.006202499247283604,0.005993146552280865
2025-08-08,0.07402768330946356,0.07589196308273066,0.0014251702560858304,-0.003289450029352936
2025-08-09,0.06701278219688724,0.07518787143520685,-0.0061453446891083004,-0.0020297445492113153
2025-08-10,0.07392227687449128,0.07471891312817307,-0.0010474031940134508,0.00025076694033165925
2025-08-11,0.07054134649502235,0.07449953663854747,0.001957711908981124,-0.00591590205250625
2025-08-12,0.0752914471306854,0.07453389408062193,-0.001158017986972304,0.001915571037035782
2025-08-13,0.07235711457521045,0.07489751791555746,-0.0017779881217115485,-0.0007624152186354594
2025-08-14,0.07907486579576292,0.0755728364777138,0.007504269748509582,-0.004002240430460463
2025-08-15,0.08328995130644688,0.07647670583424157,0.00247582149541975,0.004337423976785562
2025-08-16,0.0696463198943306,0.07756136912856466,-0.005421234661112026,-0.002493814573122047
2025-08-17,0.0743451879013262,0.07871211489658395,-0.00198629209949237,-0.002380634895765371
2025-08-18,0.08186159104175982,0.07969853263325472,-9.808940749811057e-05,0.0022611478160032145
2025-08-19,0.07632852546112706,0.0804095790865851,-0.003397774579103434,-0.0006832790463545957
2025-08-20,0.08932795712438597,0.08074931658992737,0.0005382739959022572,0.008040366538556346
2025-08-21,0.08962867618658821,0.0807397971451689,0.007326758795047952,0.001562120246371354
2025-08-22,0.0877077552632039,0.08052461615338437,0.0022075889591703104,0.0049755501506492245
2025-08-23,0.07776777612439417,0.08010168414480952,-0.003499709720848185,0.0011658017004328447
2025-08-24,0.07567008365938839,0.07943148757470457,-0.0022329086349105443,-0.001528495280405634
2025-08-25,0.07529691986440737,0.07864134888749569,-0.0007002802457881245,-0.0026441487773001954
2025-08-26,0.07148796145397536,0.07788150685847002,-0.004020431525091334,-0.002373113879403324
2025-08-27,0.0770106564777495,0.07730369844400457,0.0013005368092260353,-0.0015935787754811082
2025-08-28,0.08627135928421646,0.07697049424459938,0.006908926762552602,0.0023919382770644787
2025-08-29,0.07449152601180105,0.07686620411230238,0.0003923095570060543,-0.0027669876575073943
2025-08-30,0.07721026833556717,0.07648685120001585,-0.001175173564101327,0.001898590699652647
2025-08-31,0.07548423869127963,0.07557729292699784,-0.0016830100257547427,0.0015899557900365263
2025-09-01,0.07591194353661683,0.07465558204299617,-0.0017118231342769597,0.0029681846278976215
2025-09-02,0.08918894845182072,0.07407088224378836,-0.0037281847515879736,0.018846250959620336
2025-09-03,0.09097117677023327,0.07373164099410495,0.001496676862156115,0.015742858913972202
2025-09-04,0.07537171925217169,0.07345499929822775,0.006355896231518022,-0.004439176277574092
2025-09-05,0.06676998547930653,0.0730442340939012,-0.0011691536086618941,-0.005105095005932786
2025-09-06,0.07078928673850915,0.07290904694843788,0.0005998588005595248,-0.0027196190104882556
2025-09-07,0.07427240873302111,0.07386275370686195,-0.0012354465270594571,0.0016451015532186197
2025-09-08,0.07237445371805283,0.075539373611419,-0.002601955794783983,-0.0005629640985821971
2025-09-09,0.0756386208065484,0.07682437910243313,-0.002721197296601594,0.0015354390007168706
2025-09-10,0.06377777850166783,0.07756356356801711,0.0022472886068941322,-0.016033073673243414
2025-09-11,0.08764785847418265,0.07791080403789948,0.004738278518107121,0.004998775918176046
2025-09-12,0.08139431534248619,0.07799465626348007,-0.0021217277332020268,0.005521386812208151
2025-09-13,0.08314445900226346,0.07785119977655584,0.0013151330166593122,0.003978126209048305
2025-09-14,0.07344329630552592,0.0773994003074528,-0.0011752220909631108,-0.0027808819109637756
2025-09-15,0.07029779987194897,0.07654852899726043,-0.0035439131165087923,-0.0027068160088026677
2025-09-16,0.07226847612184252,0.07570533724879235,-0.0011024148021571466,-0.0023344463247926828
2025-09-17,0.07770798999945247,0.07523541364072803,0.0031994362949024973,-0.0007268599361780481
2025-09-18,0.0756385018135939,0.07518075873917603,0.0034177712340327094,-0.0029600281596148387
2025-09-19,0.07303985953307683,0.0754920137323001,-0.0017908654293622465,-0.000661288769861032
2025-09-20,0.07527469660984959,0.07601684654854271,0.0014750905501828883,-0.0022172404888760044
2025-09-21,0.07629377399191645,0.07653179651687865,-0.003252090338866692,0.0030140678139044946
2025-09-22,0.0755987873798638,0.07703312564258205,-0.004196232988476205,0.0027618947257579407
2025-09-23,0.07772668289756204,0.07745748538056885,0.0006769892801076327,-0.0004077917631144373
2025-09-24,0.0853809669374476,0.07752055662541617,0.00627017681735014,0.0015902334946812924
2025-09-25,0.08099965617649113,0.0772593550020982,0.001378598331794047,0.0023617028425988867
2025-09-26,0.06941876152673132,0.07693732735879162,-0.001084851615903991,-0.006433714216156308
2025-09-27,0.08096521041341828,0.07656267480022494,-4.5026986159615766e-05,0.004447562599352958
2025-09-28,0.09252703098459528,0.07630127214295475,-0.005896723508577191,0.022122482350217715
2025-09-29,0.0671912821055512,0.07609765970380102,-0.0031804014184305725,-0.0057259761798192504
2025-09-30,0.07983845248144014,0.07598015264835256,0.004395179997107235,-0.0005368801640196486
2025-10-01,0.08429647529750266,0.07609632311422397,0.005654117519443844,0.002546034663834837
2025-10-02,0.07142510407554707,0.0765110069209723,0.0010912763369220913,-0.006177179182347323
2025-10-03,0.08142797973441969,0.07724048972404726,-0.001451089857656769,0.005638579868029195
2025-10-04,0.07084001871584554,0.07832330198378931,-0.0007107866503094255,-0.006772496617634349
2025-10-05,0.0699716386573728,0.07953808764087378,-0.008376276280149761,-0.0011901727033512138
2025-10-06,0.08110244455645255,0.08064906890513104,-0.0014228769081806,0.0018762525595021062
2025-10-07,0.07128478315866703,0.08165314262148955,0.008303207118438414,-0.018671566581260943
2025-10-08,0.0710859111856953,0.08265594172750758,0.0030043049763707067,-0.01457433551818299
2025-10-09,0.08569111747006554,0.08352377709717004,0.0016117200675738368,0.0005556203053216635
2025-10-10,0.08567724858087497,0.08430871060994699,-0.0023815639945838183,0.003750101965511801
2025-10-11,0.08464159642079544,0.08488217034518403,-0.0016180484945424692,0.001377474570153886
2025-10-12,0.07264613234784277,0.08500367041968424,-0.008552554161639017,-0.003804983910202453
2025-10-13,0.06922208739040618,0.08475219646701848,-0.0008557879334076835,-0.014674321143204619
2025-10-14,0.098400994841628,0.08433817811945403,0.011974203861876125,0.0020886128602978365
2025-10-15,0.08373569831008915,0.08389223833583322,-9.089420374133476e-05,-6.564582200273283e-05
2025-10-16,0.09006601610572597,0.08337210956145787,0.0021165576704471924,0.004577348873820913
2025-10-17,0.07228714952725429,0.08274299437921102,-0.0040553492034811215,-0.006400495648475613
2025-10-18,0.08232481303191833,0.08184643039463946,-0.002690715943846439,0.0031690985811253097
2025-10-19,0.07214228501896974,0.0807281221059988,-0.007447817142460339,-0.001138019944568719
2025-10-20,0.08338763005915655,0.07970036069649654,-0.00028586722372749723,0.00397313658638751
2025-10-21,0.09279632414808521,0.07895545701586142,0.015615337540015067,-0.0017744704077912732
2025-10-22,0.07200981004348934,0.07845506270952185,-0.0031023725351159905,-0.00334288013091652
2025-10-23,0.0780488241872595,0.0781962940112852,0.002698992033779369,-0.0028464618578050577
2025-10-24,0.06994419209936267,0.07837090797313286,-0.0058474472069094535,-0.002579268666860729
2025-10-25,0.07304523437544004,0.07964422303256714,-0.0037997086028792653,-0.0027992800542478435
2025-10-26,0.07687800833436155,0.08097572347072278,-0.005842029303944603,0.0017443141675833745
2025-10-27,0.07857719475836455,0.08231180795092626,0.00015874446081667307,-0.0038933576533783792
2025-10-28,0.06302704848187488,0.08368727234736047,0.018962877643556825,-0.03962310150904241
2025-10-29,0.0805442927803641,0.08511553697238754,-0.0060873152763546105,0.0015160710843311748
2025-10-30,0.08916938049912039,0.08659931830285672,0.0030814224939096375,-0.0005113602976459658
2025-10-31,0.08290547495065845,0.08813439306486098,-0.00756590294937837,0.0023369848351758316
